Element,SFE,-11.0,-10.9,-10.8,-10.7,-10.6,-10.5,-10.4,-10.3,-10.2,-10.1,-10.0,-9.9,-9.8,-9.7,-9.6,-9.5,-9.4,-9.3,-9.2,-9.1,-9.0,-8.9,-8.8,-8.7,-8.6,-8.5,-8.4,-8.3,-8.2,-8.1,-8.0,-7.9,-7.8,-7.7,-7.6,-7.5,-7.4,-7.3,-7.2,-7.1,-7.0,-6.9,-6.8,-6.7,-6.6,-6.5,-6.4,-6.3,-6.2,-6.1,-6.0,-5.9,-5.8,-5.7,-5.6,-5.5,-5.4,-5.3,-5.2,-5.1,-5.0,-4.9,-4.8,-4.7,-4.6,-4.5,-4.4,-4.3,-4.2,-4.1,-4.0,-3.9,-3.8,-3.7,-3.6,-3.5,-3.4,-3.3,-3.2,-3.1,-3.0,-2.9,-2.8,-2.7,-2.6,-2.5,-2.4,-2.3,-2.2,-2.1,-2.0,-1.9,-1.8,-1.7,-1.6,-1.5,-1.4,-1.3,-1.2,-1.1,-1.0,-0.9,-0.8,-0.7,-0.6,-0.5,-0.4,-0.3,-0.2,-0.1,-0.0,0.1,0.2,0.3,0.4,0.5,0.6,0.7,0.8,0.9,1.0,1.1,1.2,1.3,1.4,1.5,1.6,1.7,1.8,1.9,2.0,2.1,2.2,2.3,2.4,2.5,2.6,2.7,2.8,2.9,3.0,3.1,3.2,3.3,3.4,3.5,3.6,3.7,3.8,3.9,4.0,4.1,4.2,4.3,4.4,4.5,4.6,4.7,4.8,4.9,5.0,5.1,5.2,5.3,5.4,5.5,5.6,5.7,5.8,5.9,6.0,6.1,6.2,6.3,6.4,6.5,6.6,6.7,6.8,6.9,7.0,7.1,7.2,7.3,7.4,7.5,7.6,7.7,7.8,7.9,8.0
Mo,300.0,-0.5244468157643919,-0.5244468157643919,-0.5244468157643919,-0.5244468157643919,-0.5244468157643919,-0.5244468157643919,-0.5244468157643919,-0.5244468157643919,-0.5244468157643919,-0.5244468157643919,-0.5244468157643919,-0.5244468157643919,-0.5244468157643919,-0.5244468157643919,-0.5244468157643919,-0.5244468157643919,-0.5244468157643919,-0.5244468157643919,-0.5244468157643919,-0.5244468157643919,-0.5244468157643919,-0.5244468157643919,-0.5244468157643919,-0.5244468157643919,-0.5244468157643919,-0.5244468157643919,-0.5244468157643919,-0.5244468157643919,-0.5244468157643919,-0.5244468157643919,-0.5244468157643919,-0.5244468157643919,-0.5244468157643919,-0.5244468157643919,-0.5244468157643919,-0.5244468157643919,-0.5244468157643919,-0.5244468157643919,-0.5244468157643919,-0.5142351307643954,-0.5016421417643933,-0.4914421417643934,-0.48604447876439266,-0.4793421417643934,-0.4717444787643927,-0.4667444787643927,-0.4604421417643936,-0.4549444787643927,-0.4472421417643936,-0.44144447876439274,-0.4342421417643937,-0.4268444787643928,-0.41942344576440116,-0.4084468157643919,-0.3984468157643919,-0.3874234457644016,-0.34140007576441217,-0.2343299657644426,-0.006353335764434198,0.19162329423557634,0.4492961142357246,0.5055531842356081,0.5555531842356082,0.5955531842356082,0.665553184235608,0.7355531842356081,0.865553184235608,1.005553184235608,0.9955531842356081,0.9955531842356081,1.025553184235608,1.0050857842358596,0.6955531842356081,0.41136622423571234,0.04150644423563454,-0.03847018576437866,0.855553184235608,0.905553184235608,1.1957868842354689,1.4157868842354668,1.8453194842357497,1.3053194842357518,0.9853194842357539,0.6755531842356081,0.5753194842357584,0.5153194842357584,0.41148307423565456,0.2575999242355772,0.33759992423557716,0.44962329423556036,0.6457868842354489,0.9657868842354446,1.566020584235281,2.0755531842356083,1.350319484235774,0.9503194842357782,0.3339830742356591,0.2395064442356426,0.1605064442356431,0.11202058423525885,0.04802981423562591,0.017553184235608144,0.006553184235608134,-0.005016925764336877,-0.01844681576439189,-0.02144681576439189,-0.02144681576439189,-0.017446815764391888,0.003553184235608131,0.02655318423560815,0.05507655423558844,0.10855318423560811,0.16959992423556824,0.4110765542355881,0.4615531842356081,0.4955531842356081,0.5255531842356082,0.5555531842356082,0.605553184235608,0.6855531842356081,0.8255531842356082,0.8455531842356082,0.9360205842351746,0.8455531842356082,0.8255531842356082,0.855553184235608,1.0807868842353825,1.0603194842358339,0.8903194842358383,0.8355531842356082,0.9955531842356081,1.0555531842356083,1.2855531842356083,2.472656484233456,1.3150857842360866,0.9103194842358472,0.655553184235608,0.5103194842358515,0.41050644423565774,0.33302981423563294,0.28555318423560816,0.26855318423560814,-0.5244468157643919,-0.5244468157643919,-0.5244468157643919,-0.5244468157643919,-0.5244468157643919,-0.5244468157643919,-0.5244468157643919,-0.5244468157643919,-0.5244468157643919,-0.5244468157643919,-0.5244468157643919,-0.5244468157643919,-0.5244468157643919,-0.5244468157643919,-0.5244468157643919,-0.5244468157643919,-0.5244468157643919,-0.5244468157643919,-0.5244468157643919,-0.5244468157643919,-0.5244468157643919,-0.5244468157643919,-0.5244468157643919,-0.5244468157643919,-0.5244468157643919,-0.5244468157643919,-0.5244468157643919,-0.5244468157643919,-0.5244468157643919,-0.5244468157643919,-0.5244468157643919,-0.5244468157643919,-0.5244468157643919,-0.5244468157643919,-0.5244468157643919,-0.5244468157643919,-0.5244468157643919,-0.5244468157643919,-0.5244468157643919,-0.5244468157643919,-0.5244468157643919,-0.5244468157643919,-0.5244468157643919,-0.5244468157643919,-0.5244468157643919,-0.5244468157643919,-0.5244468157643919,-0.5244468157643919,-0.5244468157643919
Ta,200.0,-0.4244815625445043,-0.4244815625445043,-0.4244815625445043,-0.4244815625445043,-0.4244815625445043,-0.4244815625445043,-0.4244815625445043,-0.4244815625445043,-0.4244815625445043,-0.4244815625445043,-0.4244815625445043,-0.4244815625445043,-0.4244815625445043,-0.4244815625445043,-0.4244815625445043,-0.4244815625445043,-0.4244815625445043,-0.4244815625445043,-0.4244815625445043,-0.4244815625445043,-0.4244815625445043,-0.4244815625445043,-0.4244815625445043,-0.4244815625445043,-0.4244815625445043,-0.4244815625445043,-0.4244815625445043,-0.4244815625445043,-0.4244815625445043,-0.4244815625445043,-0.4244815625445043,-0.4244815625445043,-0.4224135565445055,-0.40675610254450545,-0.3967561025445055,-0.38991883254450493,-0.38485610254450553,-0.3787561025445056,-0.37301883254450496,-0.368718832544505,-0.3636815625445043,-0.359418832544505,-0.35321883254450503,-0.349318832544505,-0.3446188325445051,-0.3397188325445051,-0.3349188325445051,-0.3292188325445051,-0.32348156254450433,-0.3184815625445043,-0.3134815625445043,-0.3074815625445043,-0.3004815625445043,-0.2934815625445043,-0.2864815625445043,-0.2794815625445043,-0.2714815625445043,-0.2624815625445043,-0.2524815625445043,-0.2414815625445043,-0.2284815625445043,-0.21385426254451478,-0.19885426254451521,-0.17585426254451522,-0.1508542625445155,-0.11648156254450431,-0.044226962544527015,0.235909537455413,0.21014573745548393,0.22589113745550782,0.2035184374554957,0.2195184374554957,0.21889113745550837,0.27977303745547,0.3181457374554828,0.3571457374554826,0.3841457374554824,0.4281457374554821,0.4665184374554957,0.5201457374554819,0.6255184374554957,0.7955184374554957,0.8055184374554957,0.5580092374555542,0.37926383745552517,0.2736365374555404,0.11826383745552582,0.03289113745551098,-0.008108862544488837,-0.057108862544488714,-0.08810886254448846,-0.09348156254450429,-0.0768542625445206,-0.045854262544520574,0.7343374374549997,1.6555184374554957,2.4329724374558297,1.749245437455667,1.1292454374556673,0.9855184374554956,0.9055184374554958,0.8955184374554958,0.8555184374554957,0.8655184374554957,0.8455184374554957,0.9755184374554956,1.1067914374553087,1.6467914374553083,1.644245437455687,1.204245437455687,0.9455184374554958,0.7742454374556914,0.6442454374556915,0.5622638374555358,0.4752638374555358,0.41626383745553586,0.23200923745557755,0.015736237455782287,-0.056481562544504316,-0.07648156254450433,-0.1054815625445043,-0.11260886254448293,-0.11748156254450431,-0.11773616254446073,-0.11835426254452613,-0.12060886254448244,-0.12948156254450433,-0.11548156254450431,-0.058226962544549676,0.05177303745545031,0.17677303745545014,0.2265184374554957,0.25364573745547225,0.27964573745547217,0.28164573745547206,0.3046457374554721,0.3394095374553302,0.36464573745547135,0.38964573745547126,0.42151843745549566,0.4545184374554957,0.49764573745547125,0.553773037455445,0.6355184374554957,0.6655184374554958,0.7267914374552414,0.6455184374554958,0.6355184374554957,0.6855184374554958,0.8455184374554957,0.6255184374554957,0.6955184374554958,-0.4244815625445043,-0.4244815625445043,-0.4244815625445043,-0.4244815625445043,-0.4244815625445043,-0.4244815625445043,-0.4244815625445043,-0.4244815625445043,-0.4244815625445043,-0.4244815625445043,-0.4244815625445043,-0.4244815625445043,-0.4244815625445043,-0.4244815625445043,-0.4244815625445043,-0.4244815625445043,-0.4244815625445043,-0.4244815625445043,-0.4244815625445043,-0.4244815625445043,-0.4244815625445043,-0.4244815625445043,-0.4244815625445043,-0.4244815625445043,-0.4244815625445043,-0.4244815625445043,-0.4244815625445043,-0.4244815625445043,-0.4244815625445043,-0.4244815625445043,-0.4244815625445043,-0.4244815625445043,-0.4244815625445043,-0.4244815625445043,-0.4244815625445043,-0.4244815625445043,-0.4244815625445043,-0.4244815625445043,-0.4244815625445043
W,5.0,-0.4319070230178669,-0.4319070230178669,-0.4319070230178669,-0.4319070230178669,-0.4319070230178669,-0.4319070230178669,-0.4319070230178669,-0.4319070230178669,-0.4319070230178669,-0.4319070230178669,-0.4319070230178669,-0.4319070230178669,-0.4319070230178669,-0.4319070230178669,-0.4319024411047669,-0.42039067551786813,-0.4120604840178674,-0.4038837535178672,-0.3995070230178669,-0.3945837535178672,-0.38948375351786724,-0.38470702301786686,-0.3809837535178673,-0.3764837535178673,-0.3728837535178673,-0.3677837535178673,-0.3634837535178673,-0.3599837535178673,-0.35508375351786736,-0.3507837535178674,-0.3461837535178674,-0.3406837535178674,-0.3353837535178674,-0.3309070230178669,-0.3249070230178669,-0.3189070230178669,-0.3129070230178669,-0.3056743280178733,-0.29790702301786687,-0.28967432801787374,-0.28090702301786685,-0.26990702301786684,-0.25867432801787416,-0.24490702301786688,-0.22767432801787463,-0.20690702301786687,-0.17490702301786687,-0.1276743280178751,0.28872184198207584,0.18632567198212446,0.21609297698213314,0.18909297698213312,0.24255836698211497,0.2860929769821331,0.30332567198212357,0.3363256719821235,0.3773256719821235,0.4100929769821331,0.4340929769821331,0.4753256719821227,0.5363256719821226,0.6380929769821332,0.7580929769821331,0.718092976982133,0.708092976982133,0.6680929769821332,0.34753333198225855,0.14439489198216826,0.0418602819821452,-0.00813971801785468,-0.0553724130178424,-0.10990702301786687,-0.11890702301786688,-0.11190702301786687,0.7680929769821331,1.1404199269820023,1.4280929769821333,1.7127468769818628,1.5834390769824052,1.168092976982133,0.968092976982133,0.7480929769821331,0.6380929769821332,0.6080929769821332,0.6280929769821332,0.552360281982148,0.5780929769821331,0.7480929769821331,0.945419926981978,1.4154199269819783,1.698092976982133,1.3880929769821333,0.9807660269822959,0.7880929769821331,0.6607660269822971,0.5907660269823004,0.44269680698223424,0.08736028198215029,0.04909297698213311,0.01209297698213313,-0.017639718017849304,-0.0406397180178491,-0.06290702301786688,-0.06090702301786688,-0.06490702301786688,-0.057174328017885356,-0.06990702301786689,-0.06490702301786688,-0.05890702301786688,-0.05117432801788596,-0.012907023017866892,0.06895453698197707,0.14229106198207353,0.2365583669820932,0.24982567198211325,0.2760929769821331,0.3008256719821124,0.3040929769821331,0.32782567198211243,0.35382567198211223,0.37882567198211226,0.4108256719821115,0.44982567198211154,0.517756451982025,0.5980929769821332,0.6380929769821332,0.6780929769821332,0.738092976982133,0.6380929769821332,0.6380929769821332,0.6880929769821332,0.8807660269823671,0.8427468769816654,0.6880929769821332,0.6780929769821332,-0.4319070230178669,-0.4319070230178669,-0.4319070230178669,-0.4319070230178669,-0.4319070230178669,-0.4319070230178669,-0.4319070230178669,-0.4319070230178669,-0.4319070230178669,-0.4319070230178669,-0.4319070230178669,-0.4319070230178669,-0.4319070230178669,-0.4319070230178669,-0.4319070230178669,-0.4319070230178669,-0.4319070230178669,-0.4319070230178669,-0.4319070230178669,-0.4319070230178669,-0.4319070230178669,-0.4319070230178669,-0.4319070230178669,-0.4319070230178669,-0.4319070230178669,-0.4319070230178669,-0.4319070230178669,-0.4319070230178669,-0.4319070230178669,-0.4319070230178669,-0.4319070230178669,-0.4319070230178669,-0.4319070230178669,-0.4319070230178669,-0.4319070230178669,-0.4319070230178669,-0.4319070230178669,-0.4319070230178669,-0.4319070230178669,-0.4319070230178669,-0.4319070230178669,-0.4319070230178669,-0.4319070230178669,-0.4319070230178669,-0.4319070230178669,-0.4319070230178669,-0.4319070230178669,-0.4319070230178669,-0.4319070230178669,-0.4319070230178669,-0.4319070230178669,-0.4319070230178669,-0.4319070230178669,-0.4319070230178669,-0.4319070230178669,-0.4319070230178669
Cu,45.0,-0.650139630290043,-0.650139630290043,-0.650139630290043,-0.650139630290043,-0.650139630290043,-0.650139630290043,-0.650139630290043,-0.650139630290043,-0.650139630290043,-0.650139630290043,-0.650139630290043,-0.650139630290043,-0.650139630290043,-0.650139630290043,-0.650139630290043,-0.650139630290043,-0.650139630290043,-0.6399917898900451,-0.6247796722900436,-0.6128796722900437,-0.6078596512900433,-0.6003596512900433,-0.5943096512900433,-0.5896096512900434,-0.5844096512900434,-0.5785096512900434,-0.5742096512900434,-0.5699096512900435,-0.5654096512900435,-0.5605096512900435,-0.5554096512900435,-0.551439630290043,-0.547139630290043,-0.5428398402900487,-0.538139630290043,-0.533139630290043,-0.528139630290043,-0.523139630290043,-0.518139630290043,-0.513139630290043,-0.5078398402900502,-0.5021396302900429,-0.49613963029004293,-0.4891396302900429,-0.4821396302900429,-0.47413963029004297,-0.46613963029004296,-0.45713963029004295,-0.44813963029004295,-0.4368398402900517,-0.423139630290043,-0.40813963029004297,-0.39113963029004295,-0.37083984029005224,-0.34783984029005255,-0.3178398402900525,-0.272839840290053,-0.21054005029006306,-0.11954005029006332,0.09556057970996756,0.15816015970994657,0.5368624697100665,0.529860369709957,0.609860369709957,0.6398603697099571,0.6898603697099571,1.202858269709839,1.4628582697098387,1.8428582697098377,1.7668624697100794,0.9728582697098337,1.5528582697098314,1.579860369709957,1.2898603697099569,1.6758561697096934,2.244849869709288,2.5028582697098223,2.549860369709957,2.8628582697098177,3.163864569710238,3.538854069709529,3.042858269709812,2.918854069709522,2.056862469710105,1.9538645697102557,2.6448498697092067,3.199860369709957,2.983864569710265,2.5568624697101137,2.429860369709957,2.536862469710116,3.108854069709471,4.1648498697091405,4.6258771697112815,1.8278687697106255,-0.23813963029004298,-0.24513963029004293,-0.24913963029004293,-0.2644394202900255,-0.300139630290043,-0.299139630290043,-0.296139630290043,-0.296139630290043,-0.30443942029002463,-0.32613963029004295,-0.33213963029004295,-0.33513963029004296,-0.33613963029004296,-0.33813963029004296,-0.34013963029004296,-0.34413963029004296,-0.356139630290043,-0.361139630290043,-0.365139630290043,-0.368139630290043,-0.37013963029004293,-0.37213963029004293,-0.37313963029004293,-0.37413963029004293,-0.37713963029004294,-0.3834394202900216,-0.38813963029004295,-0.39013963029004295,-0.39113963029004295,-0.39013963029004295,-0.39013963029004295,-0.3867402602901104,-0.39413963029004295,-0.39513963029004295,-0.40213963029004296,-0.41013963029004297,-0.417139630290043,-0.420139630290043,-0.425139630290043,-0.428139630290043,-0.433139630290043,-0.444139630290043,-0.45013963029004295,-0.4549394202900183,-0.45913963029004295,-0.46313963029004296,-0.46713963029004296,-0.47313963029004297,-0.47813963029004297,-0.4851396302900429,-0.49713963029004293,-0.5021396302900429,-0.5081396302900429,-0.4825400502900957,-0.3979404702901489,-0.40933984029006965,-0.34654005029009655,-0.368139630290043,-0.38413963029004294,-0.36913963029004293,-0.34474026029012544,-0.37813963029004294,-0.39113963029004295,-0.38513963029004294,-0.40013963029004296,-0.3635400502900998,-0.356139630290043,-0.33713963029004296,-0.3519394202900135,-0.360139630290043,-0.38633984029007135,-0.38213963029004294,-0.37713963029004294,-0.39013963029004295,-0.39413963029004295,-0.39713963029004296,-0.39913963029004296,-0.650139630290043,-0.650139630290043,-0.650139630290043,-0.650139630290043,-0.650139630290043,-0.650139630290043,-0.650139630290043,-0.650139630290043,-0.650139630290043,-0.650139630290043,-0.650139630290043,-0.650139630290043,-0.650139630290043,-0.650139630290043,-0.650139630290043,-0.650139630290043,-0.650139630290043,-0.650139630290043,-0.650139630290043
Ni,125.0,-0.31215977304714143,-0.31215977304714143,-0.31215977304714143,-0.31215977304714143,-0.31215977304714143,-0.31215977304714143,-0.31215977304714143,-0.31215977304714143,-0.31215977304714143,-0.31215977304714143,-0.31215977304714143,-0.31215977304714143,-0.31215977304714143,-0.31215977304714143,-0.31215977304714143,-0.31215977304714143,-0.31215977304714143,-0.31215977304714143,-0.31215977304714143,-0.31215977304714143,-0.31215977304714143,-0.3106497160471422,-0.3019264080471418,-0.29652640804714187,-0.2936264080471419,-0.2905264080471419,-0.2870597730471414,-0.28492640804714187,-0.28282640804714193,-0.28025977304714145,-0.277626408047142,-0.27575977304714144,-0.27375977304714144,-0.27165977304714145,-0.2693597730471414,-0.2669597730471414,-0.26502640804714206,-0.2630264080471421,-0.26082640804714213,-0.25852640804714216,-0.25615977304714144,-0.25372640804714214,-0.2513264080471422,-0.24882640804714218,-0.24612640804714223,-0.24325977304714141,-0.24032640804714223,-0.23715977304714142,-0.2337264080471423,-0.22992640804714232,-0.22582640804714232,-0.22132640804714232,-0.21642640804714236,-0.21115977304714142,-0.20515977304714145,-0.19715977304714144,-0.18815977304714143,-0.17782612304715165,-0.1648261230471518,-0.1498261230471521,-0.13115977304714144,-0.09182612304715254,-0.02949247304716368,0.03784022695285855,0.08384212695278931,0.24517387695284704,0.24484022695285862,0.2608402269528585,0.29084022695285855,0.41484117695282124,0.5325075269528334,0.6191738769528459,0.6805075269528329,0.7778402269528586,0.6945037269529917,0.5128459269526173,0.532173876952845,0.6561710269529686,0.5295056269529139,0.47684212695277334,0.65250752695283,0.8245132269525683,0.9378402269528585,0.9178402269528585,0.9278402269528585,1.0578402269528586,1.1611672269531663,1.3645132269525475,1.634513226952543,0.9078402269528585,0.9778497269523767,0.7478402269528586,0.659506576952875,0.6285122769525755,0.744513226952521,1.0911767269526889,1.1778402269528585,1.221167226953205,1.0378402269528586,0.9678402269528585,0.9878402269528586,1.0378402269528586,1.3478402269528584,1.801176726952675,2.631081726958268,0.827830726953418,-0.11649342304712232,-0.13115977304714144,-0.13015977304714144,-0.13015977304714144,-0.13315977304714144,-0.14749342304712143,-0.15115977304714143,-0.15115977304714143,-0.1519934230471212,-0.15215977304714143,-0.15615977304714143,-0.16215977304714144,-0.16515977304714144,-0.16615977304714144,-0.16715977304714144,-0.16715977304714144,-0.16815977304714144,-0.16915977304714144,-0.17315977304714142,-0.17615977304714142,-0.17715977304714142,-0.17815977304714142,-0.17915977304714142,-0.18015977304714142,-0.18015977304714142,-0.18015977304714142,-0.18115977304714143,-0.18215977304714143,-0.18315977304714143,-0.18415977304714143,-0.18515977304714143,-0.18715977304714143,-0.18715977304714143,-0.18815977304714143,-0.19015977304714143,-0.19315977304714144,-0.19615977304714144,-0.19815977304714144,-0.19915977304714144,-0.20215977304714144,-0.20315977304714145,-0.20515977304714145,-0.20915977304714145,-0.21234313804713875,-0.21494313804713877,-0.21715977304714143,-0.21924313804713874,-0.22105977304714142,-0.22284313804713868,-0.22585977304714144,-0.22795977304714143,-0.22935977304714145,-0.23374313804713864,-0.2377431380471386,-0.24044313804713857,-0.24305977304714144,-0.24584313804713856,-0.31215977304714143,-0.31215977304714143,-0.31215977304714143,-0.31215977304714143,-0.31215977304714143,-0.31215977304714143,-0.31215977304714143,-0.31215977304714143,-0.31215977304714143,-0.31215977304714143,-0.31215977304714143,-0.31215977304714143,-0.31215977304714143,-0.31215977304714143,-0.31215977304714143,-0.31215977304714143,-0.31215977304714143,-0.31215977304714143,-0.31215977304714143,-0.31215977304714143,-0.31215977304714143,-0.31215977304714143,-0.31215977304714143,-0.31215977304714143,-0.31215977304714143,-0.31215977304714143,-0.31215977304714143,-0.31215977304714143
Pd,180.0,-0.606454240779347,-0.606454240779347,-0.606454240779347,-0.606454240779347,-0.606454240779347,-0.606454240779347,-0.606454240779347,-0.606454240779347,-0.606454240779347,-0.606454240779347,-0.606454240779347,-0.606454240779347,-0.606454240779347,-0.606454240779347,-0.606454240779347,-0.606454240779347,-0.606454240779347,-0.606454240779347,-0.606454240779347,-0.606454240779347,-0.606454240779347,-0.606454240779347,-0.606454240779347,-0.606454240779347,-0.606454240779347,-0.606454240779347,-0.606454240779347,-0.606454240779347,-0.606454240779347,-0.606454240779347,-0.606454240779347,-0.606454240779347,-0.606454240779347,-0.606454240779347,-0.606454240779347,-0.606454240779347,-0.606454240779347,-0.606454240779347,-0.606454240779347,-0.6054176459243485,-0.5850752577793483,-0.5725357662793491,-0.5653147492793477,-0.5570752577793484,-0.548854240779347,-0.5427752577793485,-0.5359147492793478,-0.5280752577793486,-0.5211147492793478,-0.5134752577793487,-0.505454240779347,-0.49545424077934697,-0.48545424077934696,-0.47445424077934695,-0.4600593257793565,-0.44305932577935647,-0.4230593257793569,-0.23266441077936684,0.19670507922057212,0.4635457592206531,0.7735457592206529,1.0174949092205448,1.373545759220653,1.637494909220543,2.1695966092207657,1.6535457592206528,1.4235457592206529,1.4435457592206529,1.2295966092207722,1.0295966092207747,0.7535457592206531,0.6095966092207779,1.0395966092207791,0.9635457592206531,1.1195966092207836,0.9456474592209161,1.0095966092207869,0.893545759220653,1.079596609220789,1.2695966092207924,1.203545759220653,1.1895966092207957,1.4574949092205092,1.853545759220653,2.423291509219911,3.101698309221101,1.8616983092211075,1.0874949092205002,0.6635457592206531,1.0374949092204957,1.8111898092195462,0.9795966092208135,0.853545759220653,1.077494909220489,1.393545759220653,1.353545759220653,1.363545759220653,1.4856474592209943,1.3953932092201344,1.143545759220653,1.0135457592206532,0.9335457592206531,0.9435457592206531,0.9874949092204719,0.9235457592206531,1.047494909220469,1.293545759220653,1.3174949092204646,1.7235457592206531,2.4656474592210387,1.8156474592210388,1.0045966092208483,0.6545966092208519,-0.37045424077934697,-0.389454240779347,-0.384454240779347,-0.380454240779347,-0.377454240779347,-0.37445424077934697,-0.37145424077934697,-0.37045424077934697,-0.37145424077934697,-0.37045424077934697,-0.36645424077934696,-0.36345424077934696,-0.36145424077934696,-0.36045424077934696,-0.35845424077934696,-0.35745424077934695,-0.35845424077934696,-0.36045424077934696,-0.36045424077934696,-0.36045424077934696,-0.35945424077934696,-0.35845424077934696,-0.35745424077934695,-0.35645424077934695,-0.35545424077934695,-0.35645424077934695,-0.35845424077934696,-0.35845424077934696,-0.35745424077934695,-0.35645424077934695,-0.35445424077934695,-0.35245424077934695,-0.35045424077934695,-0.35145424077934695,-0.34745424077934695,-0.35645424077934695,-0.35645424077934695,-0.35745424077934695,-0.36045424077934696,-0.36445424077934696,-0.36845424077934696,-0.37145424077934697,-0.37345424077934697,-0.37545424077934697,-0.379454240779347,-0.382454240779347,-0.383454240779347,-0.3873491557793186,-0.606454240779347,-0.606454240779347,-0.606454240779347,-0.606454240779347,-0.606454240779347,-0.606454240779347,-0.606454240779347,-0.606454240779347,-0.606454240779347,-0.606454240779347,-0.606454240779347,-0.606454240779347,-0.606454240779347,-0.606454240779347,-0.606454240779347,-0.606454240779347,-0.606454240779347,-0.606454240779347,-0.606454240779347,-0.606454240779347,-0.606454240779347,-0.606454240779347,-0.606454240779347,-0.606454240779347,-0.606454240779347,-0.606454240779347,-0.606454240779347,-0.606454240779347,-0.606454240779347,-0.606454240779347
Cd,15.0,-1.6195575681675334,-1.6195575681675334,-1.6195575681675334,-1.6195575681675334,-1.6195575681675334,-1.6195575681675334,-1.6195575681675334,-1.6195575681675334,-1.6195575681675334,-1.6195575681675334,0.18762163183241332,2.9362536318322836,5.173348031832374,10.69497043183201,16.223178431832732,7.660442431832466,14.09581843182961,8.780442431832467,7.929244031831864,11.278746431837444,11.880442431832467,20.90949843183084,13.752234431831248,14.894970431831656,12.823178431832911,8.337282431833577,9.780442431832467,2.647536831832665,-1.4359849281675383,-1.4195575681675334,-1.4135575681675334,-1.4045575681675333,-1.3955575681675334,-1.3855575681675334,-1.3744849281675395,-1.3494849281675396,-1.3505575681675333,-1.3505575681675333,-1.3495575681675334,-1.3324849281675406,-1.3255575681675333,-1.3154849281675405,-1.3045575681675334,-1.2985575681675334,-1.2895575681675333,-1.2825575681675334,-1.2745575681675334,-1.2685575681675334,-1.2615575681675333,-1.2565575681675334,-1.2495575681675333,-1.2415575681675333,-1.2334849281675426,-1.2255575681675333,-1.2185575681675334,-1.2115575681675335,-1.2055575681675335,-1.2005575681675333,-1.1945575681675333,-1.1875575681675334,-1.1805575681675333,-1.1745575681675333,-1.1684849281675445,-1.1615575681675334,-1.1545575681675333,-1.1475575681675334,-1.1405575681675333,-1.1345575681675335,-1.1285575681675333,-1.1225575681675335,-1.1155575681675334,-1.1095575681675334,-1.1025575681675335,-1.0965575681675332,-1.0885575681675332,-1.0805575681675332,-1.0715575681675333,-1.0615575681675333,-1.0514849281675476,-1.0405575681675334,-1.0315575681675333,-1.0094849281675478,-1.0015575681675335,-0.9975575681675334,-0.9965575681675334,-0.9564849281675485,-0.9525575681675333,-0.9666302081675178,-0.9905575681675334,-1.0045575681675334,-1.0085575681675334,-1.0185575681675334,-1.0225575681675334,-1.0045575681675334,-0.9834849281675502,-0.8895575681675334,-0.8584849281675505,-0.8575575681675334,-0.9025575681675334,-0.9655575681675334,-0.9544849281675513,-0.9165575681675334,-0.8516302081675151,-0.9639934081674225,-1.0405575681675334,-1.0666302081675147,-1.0634849281675522,-1.1196302081675142,-1.169630208167514,-1.2065575681675333,-1.2285575681675334,-1.2074849281675533,-1.0623396481675935,-1.030412288167574,-0.9714122881675739,-0.9494849281675538,-0.9109764481676991,-1.0195575681675333,-1.0074849281675546,-0.9794849281675545,-0.8823396481675975,-0.7112670081676197,-0.6406302081675118,-0.6656302081675114,-0.7396302081675113,-0.7506302081675109,-0.7995575681675334,-0.7804849281675559,-0.7764849281675563,-0.7205575681675334,-0.76563020816751,-0.8445575681675334,-0.8055575681675334,-0.7679849281675569,-0.7105575681675333,-0.6404122881675814,-0.5452839681672905,-0.5795575681675333,-0.6195575681675334,-0.6647028481674836,-0.7241302081675085,-0.7529849281675586,-0.7921302081675081,-0.839130208167508,-0.8961302081675077,-0.8855575681675334,-0.9035575681675334,-0.9039849281675596,-0.8346943681676645,-0.62870284816748,-0.7747028481674803,-0.8405575681675334,-0.8615575681675334,-0.8215575681675333,-0.8025575681675334,-0.7835575681675334,-0.7871302081675053,-0.7865575681675334,-0.7779849281675615,-0.7427028481674766,-0.7709849281675618,-0.7349849281675609,-0.7165575681675334,-0.7595575681675334,-0.7289849281675623,-0.6759849281675618,-0.6465575681675334,-0.6319849281675641,-0.6095575681675334,-0.5595575681675333,-0.4895575681675335,-0.4895575681675335,-0.5095575681675333,-0.565283968167235,-0.6095575681675334,-0.6431302081675014,-0.6405575681675334,-0.5838311681678405,-0.5295575681675333,-0.5295575681675333,-0.5395575681675333,-1.6195575681675334,-1.6195575681675334,-1.6195575681675334,-1.6195575681675334,-1.6195575681675334,-1.6195575681675334,-1.6195575681675334,-1.6195575681675334,-1.6195575681675334,-1.6195575681675334
Co,31.0,-0.6126392161248435,-0.6126392161248435,-0.6126392161248435,-0.6126392161248435,-0.6126392161248435,-0.6126392161248435,-0.6126392161248435,-0.6126392161248435,-0.6126392161248435,-0.6126392161248435,-0.6126392161248435,-0.6126392161248435,-0.6126392161248435,-0.6126392161248435,-0.6126392161248435,-0.6126392161248435,-0.6126392161248435,-0.6126392161248435,-0.6126392161248435,-0.6126392161248435,-0.6126392161248435,-0.6126392161248435,-0.6126392161248435,-0.6086723012748448,-0.5873699986248457,-0.582785372624844,-0.5762315291248444,-0.5678315291248445,-0.5625853726248441,-0.558485372624844,-0.5534853726248441,-0.5486853726248441,-0.5432853726248441,-0.5377392161248435,-0.5339853726248441,-0.5298853726248441,-0.5253853726248442,-0.5206853726248442,-0.5156853726248442,-0.5106392161248435,-0.5051007811248508,-0.5006392161248435,-0.4946392161248435,-0.4816392161248435,-0.4811007811248515,-0.4771007811248517,-0.4736392161248435,-0.4686392161248435,-0.4506392161248435,-0.4456392161248435,-0.4346392161248435,-0.4226392161248435,-0.41010078112485304,-0.39363921612484354,-0.3756392161248435,-0.3541007811248535,-0.3261007811248535,-0.2911007811248537,-0.23910078112485394,-0.14202391112487556,0.16174513387504774,0.4273607838751565,0.32236078387515654,0.5019764338752697,0.502745133875041,0.9773607838751566,0.9373607838751565,1.0673607838751564,1.5427451338750346,1.4488981838746589,0.8219764338752829,0.78274513387503,1.2173607838751566,1.2758233838756803,0.9181294838748923,1.682745133875021,1.6573607838751565,1.7727451338750178,1.5012077338755758,0.47197643387529853,0.29651452387509925,0.8735138338747201,2.3273607838751564,2.3396703338761973,2.1773607838751565,1.8627451338750043,2.6481294838748477,2.451976433875312,3.062745133874999,2.236592083875476,1.8027451338749954,1.3573607838751565,1.378129483874828,1.3873607838751565,1.3073607838751564,1.3473607838751565,1.2319764338753287,1.2373607838751566,1.4627451338749813,1.592745133874979,2.232745133874977,2.872745133874977,3.738129483874792,4.25889818387442,2.868126033872357,-0.1656392161248435,-0.1726392161248435,-0.26517765112482444,-0.3026392161248435,-0.3106392161248435,-0.3096392161248435,-0.3086392161248435,-0.3116392161248435,-0.3126392161248435,-0.3136392161248435,-0.3126392161248435,-0.3176392161248435,-0.3056392161248435,-0.2986392161248435,-0.2986392161248435,-0.2956392161248435,-0.3056392161248435,-0.3156392161248435,-0.32463921612484353,-0.3346392161248435,-0.3316392161248435,-0.31760078112486617,-0.3526392161248435,-0.3546392161248435,-0.3596392161248435,-0.3646392161248435,-0.3706392161248435,-0.3736392161248435,-0.3766392161248435,-0.37871608612479557,-0.38263921612484353,-0.38363921612484353,-0.38563921612484353,-0.38663921612484353,-0.38560078112486795,-0.38263921612484353,-0.3796392161248435,-0.38263921612484353,-0.3806392161248435,-0.3746392161248435,-0.3676392161248435,-0.3696392161248435,-0.38263921612484353,-0.38263921612484353,-0.3836007811248697,-0.37156234612489764,-0.40363921612484355,-0.4106392161248435,-0.4176392161248435,-0.4256392161248435,-0.4306392161248435,-0.4346392161248435,-0.4376392161248435,-0.6126392161248435,-0.6126392161248435,-0.6126392161248435,-0.6126392161248435,-0.6126392161248435,-0.6126392161248435,-0.6126392161248435,-0.6126392161248435,-0.6126392161248435,-0.6126392161248435,-0.6126392161248435,-0.6126392161248435,-0.6126392161248435,-0.6126392161248435,-0.6126392161248435,-0.6126392161248435,-0.6126392161248435,-0.6126392161248435,-0.6126392161248435,-0.6126392161248435,-0.6126392161248435,-0.6126392161248435,-0.6126392161248435,-0.6126392161248435,-0.6126392161248435,-0.6126392161248435,-0.6126392161248435,-0.6126392161248435,-0.6126392161248435,-0.6126392161248435,-0.6126392161248435,-0.6126392161248435,-0.6126392161248435
Ru,200.0,-0.9489004816486705,-0.9489004816486705,-0.9489004816486705,-0.9489004816486705,-0.9489004816486705,-0.9489004816486705,-0.9489004816486705,-0.9489004816486705,-0.9489004816486705,-0.9489004816486705,-0.9489004816486705,-0.9489004816486705,-0.9489004816486705,-0.9489004816486705,-0.9489004816486705,-0.9489004816486705,-0.9489004816486705,-0.9489004816486705,-0.9489004816486705,-0.9489004816486705,-0.9489004816486705,-0.9489004816486705,-0.9489004816486705,-0.9489004816486705,-0.9489004816486705,-0.9489004816486705,-0.9489004816486705,-0.9489004816486705,-0.9489004816486705,-0.9489004816486705,-0.9489004816486705,-0.9440990417486731,-0.909580273148676,-0.8961604121486724,-0.8831737686486718,-0.8680470556486731,-0.8545737686486718,-0.8459004816486705,-0.8349004816486705,-0.8229004816486705,-0.8099004816486705,-0.7959004816486704,-0.783766916648678,-0.7697669166486784,-0.7529004816486704,-0.7347669166486788,-0.7129004816486705,-0.6668970066487968,-0.18183196164874094,0.3524351683512371,0.8010995183513295,1.3924351683512364,1.8110995183513294,1.7810995183513296,2.052435168351228,2.5397638683514314,2.4451064683510237,2.518428218351534,2.0297638683514356,1.4610995183513298,1.5810995183513294,1.6597638683514404,0.9297638683514441,0.4310995183513294,1.0737708183510914,2.008428218351568,2.5770925683516888,2.5337708183510825,0.8610995183513296,1.1624351683512013,1.5524351683512014,1.8474351683511991,2.11476386835146,1.9210995183513297,2.1010995183513295,1.5320925683517426,0.47842821835160787,0.0444659533513434,0.1310995183513296,1.1764421183507552,2.3910995183513295,2.6037708183510335,3.7191134183504415,2.5020925683517823,1.4510995183513296,1.6410995183513295,1.5274351683511727,2.703770818351016,3.5384282183516493,1.8784282183516523,1.8210995183513297,1.4410995183513298,1.9154490683501688,2.52109951835133,2.4574351683511595,2.7010995183513296,1.808428218351679,1.734456018349583,1.348428218351685,0.8910995183513296,0.9774351683511474,1.1547638683515102,0.9710995183513295,0.9010995183513296,0.8610995183513296,0.8610995183513296,0.8710995183513296,0.8310995183513296,0.7310995183513295,0.6710995183513296,0.6810995183513294,0.6510995183513296,0.6610995183513296,1.1074351683511257,0.7410995183513295,0.7610995183513295,0.9174351683511223,1.1010995183513295,1.497435168351117,1.7074351683511169,1.7510995183513298,-0.9489004816486705,-0.9489004816486705,-0.9489004816486705,-0.9489004816486705,-0.9489004816486705,-0.9489004816486705,-0.9489004816486705,-0.9489004816486705,-0.9489004816486705,-0.9489004816486705,-0.9489004816486705,-0.9489004816486705,-0.9489004816486705,-0.9489004816486705,-0.9489004816486705,-0.9489004816486705,-0.9489004816486705,-0.9489004816486705,-0.9489004816486705,-0.9489004816486705,-0.9489004816486705,-0.9489004816486705,-0.9489004816486705,-0.9489004816486705,-0.9489004816486705,-0.9489004816486705,-0.9489004816486705,-0.9489004816486705,-0.9489004816486705,-0.9489004816486705,-0.9489004816486705,-0.9489004816486705,-0.9489004816486705,-0.9489004816486705,-0.9489004816486705,-0.9489004816486705,-0.9489004816486705,-0.9489004816486705,-0.9489004816486705,-0.9489004816486705,-0.9489004816486705,-0.9489004816486705,-0.9489004816486705,-0.9489004816486705,-0.9489004816486705,-0.9489004816486705,-0.9489004816486705,-0.9489004816486705,-0.9489004816486705,-0.9489004816486705,-0.9489004816486705,-0.9489004816486705,-0.9489004816486705,-0.9489004816486705,-0.9489004816486705,-0.9489004816486705,-0.9489004816486705,-0.9489004816486705,-0.9489004816486705,-0.9489004816486705,-0.9489004816486705,-0.9489004816486705,-0.9489004816486705,-0.9489004816486705,-0.9489004816486705,-0.9489004816486705,-0.9489004816486705,-0.9489004816486705,-0.9489004816486705,-0.9489004816486705
Ti,310.0,-1.2514679416722256,-1.2514679416722256,-1.2514679416722256,-1.2514679416722256,-1.2514679416722256,-1.2514679416722256,-1.2514679416722256,-1.2514679416722256,-1.2514679416722256,-1.2514679416722256,-1.2514679416722256,-1.2514679416722256,-1.2514679416722256,-1.2514679416722256,-1.2514679416722256,-1.2514679416722256,-1.2514679416722256,-1.2514679416722256,-1.2514679416722256,-1.2514679416722256,-1.2514679416722256,-1.2514679416722256,-1.2514679416722256,-1.2514679416722256,-1.2514679416722256,-1.2514679416722256,-1.2514679416722256,-1.2514679416722256,-1.2514679416722256,-1.2514679416722256,-1.2514679416722256,-1.2514679416722256,-1.2514679416722256,-1.2514679416722256,-1.2514679416722256,-1.2514679416722256,-1.2514679416722256,-1.2514679416722256,-1.2514679416722256,-1.2514679416722256,-1.2514679416722256,-1.2514679416722256,-1.2514679416722256,-1.2514679416722256,-1.2514679416722256,-1.2514679416722256,-1.2514679416722256,-1.2514679416722256,-1.2514679416722256,-1.2514679416722256,-1.2427928077722339,-1.1856163601722247,-1.1694742676722294,-1.145983756672235,-1.1274679416722257,-1.1144679416722256,-1.0979837566722355,-1.0819837566722357,-1.0654679416722257,-1.0524679416722256,-1.0394679416722257,-1.0249837566722364,-1.0094679416722256,-0.9934679416722256,-0.9779837566722369,-0.9634679416722256,-0.9409837566722372,-0.9224679416722257,-0.9109837566722376,-0.9009837566722378,-0.886983756672238,-0.8524679416722256,-0.8269837566722384,-0.7999837566722385,-0.7739837566722387,-0.7409837566722388,-0.704983756672239,-0.6659837566722393,-0.6179837566722395,-0.5589837566722398,-0.4884995716722539,-0.39149957167225435,-0.2570153866722691,-0.05146794167222568,0.47305760832733057,0.7485320583277744,0.7585320583277742,0.6385320583277743,0.6385320583277743,0.7285320583277743,1.2485320583277744,1.2685320583277744,1.2885320583277744,1.9478994583271183,2.4488483583281067,1.1685320583277743,0.7036902083279439,1.0136902083279462,1.2333739083276016,1.4033739083275993,1.6785320583277745,2.2033739083275954,2.5636902083279542,3.203373908327592,2.3685320583277747,2.2649554083294454,0.31369020832796224,-0.0014679416722256367,0.5833739083275831,0.3633739083275809,0.6233739083275798,1.733057608327184,3.5017924083255973,3.4936902083279753,3.223373908327572,3.3036902083279776,2.943057608327157,3.742425008326327,3.0791646583286107,4.192741308326718,5.167899458326926,3.1585320583277747,2.1788483583282057,1.7885320583277744,1.1888483583282146,1.2340065083284417,0.8085320583277744,0.8333739083275498,1.0385320583277744,1.0236902083280033,1.0085320583277742,1.0585320583277744,1.0585320583277744,1.1585320583277745,1.2785320583277742,1.4883739083275367,1.5885320583277742,2.7750527583224436,3.1782157583272896,3.698373908327528,4.512327658333697,5.938690208328026,7.277583158326267,5.118848358328277,0.24853205832777436,0.1685320583277743,0.06853205832777443,0.05821575832725423,-0.011309791671965552,-0.05146794167222568,-0.13146794167222553,-0.18146794167222557,-0.2214679416722256,-0.3034679416722257,-0.32145212667219825,-0.3574521266721983,-0.39246794167222565,-0.4244521266721979,-0.4474679416722256,-0.4574679416722256,-0.4604679416722256,-0.48045212667219783,-0.48245212667219695,-0.4624679416722256,-0.5154679416722256,-0.5294679416722257,-0.5394679416722257,-0.5384046816721039,-0.6064521266721961,-0.6204679416722256,-0.6244679416722256,-0.6224995716722883,-0.7483730516720429,-0.8874363116721665,-0.9224521266721952,-0.9554521266721934,-0.9854521266721943,-1.0144521266721953,-1.0464521266721942,-1.0754679416722257,-1.0984521266721934,-1.2514679416722256,-1.2514679416722256,-1.2514679416722256,-1.2514679416722256,-1.2514679416722256,-1.2514679416722256,-1.2514679416722256,-1.2514679416722256,-1.2514679416722256,-1.2514679416722256
Zn,140.0,-1.4717960885340453,-1.4717960885340453,-1.4717960885340453,-1.4717960885340453,-1.4717960885340453,-1.4717960885340453,-1.4717960885340453,-1.430158853534047,-1.394150343534046,-1.3707960885340453,-1.3467960885340453,-1.3287960885340453,-1.3153045985340472,-1.2973045985340477,-1.2787960885340452,-1.2583045985340482,-1.2413045985340483,-1.2207960885340454,-1.1863045985340488,-1.1717960885340453,-1.1423045985340492,-1.085304598534049,-1.0128131085340528,-0.8758301285340623,-0.40179608853404525,-0.206881188534092,6.927182711465393,7.133118811465907,7.318374111466058,13.67735291146544,14.023097911462877,14.133309911469032,9.925650911464151,12.54096891147497,10.529054911466556,15.623948911462946,13.428203911465955,14.926501911464573,14.127352911465264,9.229054911466644,4.7088847114665064,-0.862787578534038,-0.9407790685340297,-0.9827960885340453,-1.0147875785340374,-1.0357960885340454,-1.0387960885340453,-1.0377960885340454,-1.0367960885340453,-1.0367960885340453,-1.0377960885340454,-1.0427960885340453,-1.0477960885340454,-1.0487960885340453,-1.0447960885340453,-1.0417960885340454,-1.0397960885340454,-1.0367960885340453,-1.0327960885340453,-1.0287960885340452,-1.0247960885340452,-1.0197960885340454,-1.0177960885340454,-1.0147960885340452,-1.0117960885340453,-1.0077960885340453,-1.0047960885340452,-1.0007960885340452,-0.9967960885340453,-0.9917960885340453,-0.9857960885340453,-0.9797960885340453,-0.9727960885340453,-0.9657960885340453,-0.9597960885340453,-0.9547960885340453,-0.9367960885340453,-0.9307960885340453,-0.9277960885340453,-0.9267960885340453,-0.9068131085340738,-0.8757960885340453,-0.8767875785340307,-0.8957960885340454,-0.9117960885340453,-0.9197960885340453,-0.9247960885340453,-0.9287960885340453,-0.9377875785340295,-0.9417960885340453,-0.9267960885340453,-0.9067960885340454,-0.8707960885340453,-0.7547875785340288,-0.7937960885340453,-0.8207875785340284,-0.8808045985340625,-0.8867960885340453,-0.8668045985340628,-0.826804598534063,-0.791804598534063,-0.8687875785340273,-0.9397875785340271,-0.9717875785340271,-0.9837960885340453,-1.0127960885340452,-1.0167960885340452,-1.0387875785340261,-1.0617960885340454,-1.0947960885340453,-1.1157960885340454,-1.0538216185341047,-1.0417960885340454,-0.9498045985340653,-0.9267960885340453,-1.0057960885340453,-1.018804598534066,-0.97874502853392,-0.9807960885340453,-0.9687960885340453,-0.9348045985340666,-0.9118045985340666,-0.8558045985340671,-0.7458131085340889,-0.5657960885340453,-0.6527960885340454,-0.6657790685340008,-0.7647875785340227,-0.7747960885340454,-0.7777960885340454,-0.7753045985340684,-0.732813108534092,-0.6772875785340219,-0.6997960885340453,-0.7167960885340453,-0.7612875785340214,-0.7367960885340453,-0.7003045985340696,-0.6767960885340453,-0.66530459853407,-0.6033045985340701,-0.5807960885340453,-0.6047960885340453,-0.6447960885340454,-0.649304598534071,-0.6952875785340196,-0.7147960885340453,-0.7182875785340193,-0.7642875785340189,-0.8172875785340188,-0.827304598534072,-0.8127960885340453,-0.8362875785340185,-0.8647960885340453,-0.7978131085340999,-0.695304598534073,-0.7222875785340176,-0.7742875785340176,-0.7967960885340453,-0.797287578534017,-0.8147960885340453,-0.8027960885340453,-0.7883045985340739,-0.7737960885340454,-0.7937960885340453,-0.801287578534017,-0.7933045985340748,-0.7747960885340454,-0.7423045985340748,-0.6978131085341035,-0.6747960885340453,-0.6697960885340453,-0.6847960885340453,-0.6853045985340748,-0.6677960885340453,-0.6477960885340454,-0.5947960885340453,-0.5933045985340757,-0.6023045985340766,-0.582304598534078,-1.4717960885340453,-1.4717960885340453,-1.4717960885340453,-1.4717960885340453,-1.4717960885340453,-1.4717960885340453,-1.4717960885340453,-1.4717960885340453,-1.4717960885340453,-1.4717960885340453,-1.4717960885340453
Zr,240.0,-1.1417247799738013,-1.1417247799738013,-1.1417247799738013,-1.1417247799738013,-1.1417247799738013,-1.1417247799738013,-1.1417247799738013,-1.1417247799738013,-1.1417247799738013,-1.1417247799738013,-1.1417247799738013,-1.1417247799738013,-1.1417247799738013,-1.1417247799738013,-1.1417247799738013,-1.1417247799738013,-1.1417247799738013,-1.1417247799738013,-1.1417247799738013,-1.1417247799738013,-1.1417247799738013,-1.1417247799738013,-1.1417247799738013,-1.1417247799738013,-1.1417247799738013,-1.1417247799738013,-1.1417247799738013,-1.1417247799738013,-1.1417247799738013,-1.1417247799738013,-1.1417247799738013,-1.1417247799738013,-1.1417247799738013,-1.1417247799738013,-1.1417247799738013,-1.1417247799738013,-1.1417247799738013,-1.1417247799738013,-1.1417247799738013,-1.1417247799738013,-1.1417247799738013,-1.1417247799738013,-1.1417247799738013,-1.1417247799738013,-1.1417247799738013,-1.1417247799738013,-1.1417247799738013,-1.1417247799738013,-1.1417247799738013,-1.1417247799738013,-1.1417247799738013,-1.1417247799738013,-1.1417247799738013,-1.1417247799738013,-1.1198494144738118,-1.078138216973807,-1.0554314984738042,-1.0297247799738012,-1.0137247799738014,-0.9977247799738013,-0.9807247799738013,-0.9627247799738012,-0.9457247799738013,-0.9297471749738122,-0.9137247799738013,-0.8957247799738013,-0.8757471749738126,-0.8547471749738131,-0.8347471749738131,-0.8047471749738135,-0.7827471749738135,-0.7637471749738137,-0.7447247799738013,-0.6867471749738139,-0.6557471749738142,-0.6057471749738144,-0.5437471749738146,-0.46076956997382834,-0.3387919649738419,-0.14583675497387127,1.0280512700260587,0.9082752200261985,0.6982752200261988,0.8680512700260541,0.8182752200261987,1.2580512700260498,1.4582752200261988,1.3382752200261987,1.4282752200261986,2.0889470700266655,1.7682752200261989,1.3182752200261987,0.9084991700263607,0.8082752200261987,0.5282752200261986,0.9382752200261988,1.3371554700253545,1.598275220026199,0.9082752200261985,1.688499170026372,1.7978273200258477,2.3882752200261983,2.148275220026199,2.4180512700260186,2.9384991700263816,0.958947070026752,0.018499170026383016,-0.1917695699738391,-0.04194872997399002,0.358499170026392,0.4380512700260055,1.7064836200246527,3.117379420025408,2.6884991700263967,2.2482752200261986,2.478275220026199,2.183499170026403,2.0030512700259946,2.5978273200257807,2.9539470700268255,2.0782752200261987,3.0473794200253455,3.018275220026199,3.073499170026417,2.208723120026634,1.5434991700264187,1.163499170026421,0.9887231200266433,0.43349917002642546,0.27827522002619864,0.4634991700264275,0.29827522002619866,0.2182752200261988,0.29827522002619866,0.41827522002619877,0.30827522002619867,0.28827522002619865,0.28827522002619865,0.29827522002619866,0.28827522002619865,0.30827522002619867,0.3182752200261987,0.3482752200261987,0.37827522002619873,0.41827522002619877,0.4782752200261988,0.5530512700259433,0.6282752200261987,0.6882752200261988,1.3021554700248774,1.5912596700238206,1.5082752200261986,1.6682752200261988,1.8582752200261987,2.028275220026199,2.667827320025652,2.3730512700259254,2.6682752200261985,3.028723120026754,2.7687231200267624,2.1734991700264805,1.603499170026472,0.5734991700264853,0.29827522002619866,0.22349917002648967,-1.1417247799738013,-1.1417247799738013,-1.1417247799738013,-1.1417247799738013,-1.1417247799738013,-1.1417247799738013,-1.1417247799738013,-1.1417247799738013,-1.1417247799738013,-1.1417247799738013,-1.1417247799738013,-1.1417247799738013,-1.1417247799738013,-1.1417247799738013,-1.1417247799738013,-1.1417247799738013,-1.1417247799738013,-1.1417247799738013,-1.1417247799738013,-1.1417247799738013,-1.1417247799738013,-1.1417247799738013,-1.1417247799738013,-1.1417247799738013,-1.1417247799738013,-1.1417247799738013
