Energy,Mo,Ta,W,Au,Cu,Ni,Pd,Pt,Rh,Cd,Co,Hf,La,Os,Re,Ru,Sc,Tc,Ti,Y,Zn,Zr
-11.0,0.0,0.0,0.0,0.0,0.0,0.0,0.0,0.0,0.0,0.0,0.0,0.0,0.0,0.0,0.0,0.0,0.0,0.0,0.0,0.0,0.0,0.0
-10.9,0.0,0.0,0.0,0.0,0.0,0.0,0.0,0.0,0.0,0.0,0.0,0.0,0.0,0.0,0.0,0.0,0.0,0.0,0.0,0.0,0.0,0.0
-10.8,0.0,0.0,0.0,0.0,0.0,0.0,0.0,0.0,0.0,0.0,0.0,0.0,0.0,0.008513189399999713,0.0,0.0,0.0,0.0,0.0,0.0,0.0,0.0
-10.700000000000001,0.0,0.0,0.0,0.0,0.0,0.0,0.0,0.0,0.0,0.0,0.0,0.0,0.0,0.03873521599999951,0.0,0.0,0.0,0.0,0.0,0.0,0.0,0.0
-10.600000000000001,0.0,0.0,0.0,0.0,0.0,0.0,0.0,0.0,0.0,0.0,0.0,0.0,0.0,0.046838205999999605,0.0,0.0,0.0,0.0,0.0,0.0,0.0,0.0
-10.500000000000002,0.0,0.0,0.0,0.0,0.0,0.0,0.0,0.0,0.0,0.0,0.0,0.0,0.0,0.05745880399999974,0.0,0.0,0.0,0.0,0.0,0.0,0.0,0.0
-10.400000000000002,0.0,0.0,0.0,0.0,0.0,0.0,0.0,0.0,0.0,0.0,0.0,0.0,0.0,0.06843820599999961,0.0,0.0,0.0,0.0,0.0,0.0,0.0,0.0
-10.300000000000002,0.0,0.0,0.0,0.0,0.0,0.0,0.0,0.0,0.0,0.0,0.0,0.0,0.0,0.0803588039999997,0.0,0.0,0.0,0.0,0.0,0.0,0.041637234999998315,0.0
-10.200000000000003,0.0,0.0,0.0,0.0,0.0,0.0,0.0,0.0,0.0,0.0,0.0,0.0,0.0,0.08687940199999986,0.0,0.0,0.0,0.0,0.0,0.0,0.07764574499999921,0.0
-10.100000000000003,0.0,0.0,0.0,0.0,0.0,0.0,0.0,0.0019603372499997045,0.0,0.0,0.0,0.0,0.0,0.09385880399999956,0.0,0.0,0.0,0.0,0.0,0.0,0.101,0.0
-10.000000000000004,0.0,0.0,0.0,0.0,0.0,0.0,0.0,0.019085434999999616,0.0,1.8071791999999467,0.0,0.0,0.0,0.102,0.0,0.0,0.0,0.0,0.0,0.0,0.125,0.0
-9.900000000000004,0.0,0.0,0.0,0.005882719849998875,0.0,0.0,0.0,0.029085434999999618,0.0,4.555811199999817,0.0,0.0,0.0,0.111,0.0,0.0,0.0,0.0,0.0,0.0,0.143,0.0
-9.800000000000004,0.0,0.0,0.0,0.0251805829999996,0.0,0.0,0.0,0.0359927174999998,0.0,6.792905599999908,0.0,0.0,0.0,0.119,0.0,0.0,0.0,0.0,0.0,0.0,0.15649148999999798,0.0
-9.700000000000005,0.0,0.0,0.0,0.038480582999999444,0.0,0.0,0.0,0.0415927174999998,0.0,12.314527999999543,0.0,0.0,0.0,0.12879401999999762,0.0065350367499988305,0.0,0.0,0.0,0.0,0.0,0.17449148999999753,0.0
-9.600000000000005,0.0,0.0,4.581913099975576e-06,0.044580582999999445,0.0,0.0,0.0,0.0483927174999998,0.0,17.842736000000265,0.0,0.0,0.0,0.136,0.03590339049999791,0.0,0.0,0.0,0.0,0.0,0.193,0.0
-9.500000000000005,0.0,0.0,0.011516347499998743,0.05309029149999971,0.0,0.0,0.0,0.05339271749999972,0.0,9.28,0.0,0.0,0.0,0.144,0.04673002449999922,0.0,0.0,0.0,0.0,0.0,0.2134914899999971,0.0
-9.400000000000006,0.0,0.0,0.019846538999999497,0.060190291499999715,0.0,0.0,0.0,0.05809271749999972,0.0,15.715375999997143,0.0,0.0,0.0,0.1527940199999969,0.0575866829999994,0.0,0.0,0.0,0.0,0.0,0.2304914899999971,0.0
-9.300000000000006,0.0,0.0,0.02802326949999968,0.06609029149999972,0.010147840399997865,0.0,0.0,0.0632927174999997,0.0,10.4,0.0,0.0,0.0,0.16179401999999674,0.06888668299999941,0.0,0.0,0.0,0.0,0.0,0.251,0.0
-9.200000000000006,0.0,0.0,0.0324,0.07289029149999963,0.025359957999999294,0.0,0.0,0.0690927174999997,0.0,9.548801599999397,0.0,0.0,0.0,0.171,0.0810866829999993,0.0,0.0,0.0,0.0,0.0,0.28549148999999663,0.0
-9.100000000000007,0.0,0.0,0.03732326949999968,0.08029029149999962,0.037259957999999295,0.0,0.0,0.07369271749999971,0.0,12.898304000004977,0.0,0.0,0.0,0.181,0.08824334149999966,0.0,0.0,0.0,0.0,0.0,0.3,0.0
-9.000000000000007,0.0,0.0,0.04242326949999966,0.08579029149999963,0.04227997899999965,0.0,0.0,0.07859271749999963,0.0,13.5,0.0,0.0,0.0,0.192,0.09518668299999923,0.0,0.0,0.0,0.0,0.0,0.3294914899999962,0.0
-8.900000000000007,0.0,0.0,0.0472,0.09219029149999963,0.04977997899999963,0.0015100569999992272,0.0,0.08379271749999963,0.0,22.529055999998373,0.0,0.0,0.0,0.204,0.104,0.0,0.0,0.0,0.0,0.0,0.3864914899999962,0.0
-8.800000000000008,0.0,0.0,0.05092326949999959,0.09908058299999924,0.055829978999999606,0.01023336499999963,0.0,0.08939271749999962,0.0,15.37179199999878,0.0,0.0,0.0,0.215,0.112,0.0,0.0,0.0,0.0,0.0,0.45898297999999244,0.0
-8.700000000000008,0.0,0.0,0.05542326949999959,0.10690291499999542,0.0605299789999996,0.01563336499999957,0.0,0.09539271749999963,0.0,16.51452799999919,0.00396691484999862,0.0,0.0,0.228,0.121,0.0,0.0,0.0,0.0,0.0,0.595965959999983,0.0
-8.600000000000009,0.0,0.0,0.05902326949999959,0.11390291499999543,0.0657299789999996,0.01853336499999954,0.0,0.101,0.0,14.442736000000444,0.025269217499997776,0.0,0.0,0.24879401999999512,0.13,0.0,0.0,0.0,0.0,0.0,1.07,0.0
-8.500000000000009,0.0,0.0,0.06412326949999957,0.121,0.07162997899999954,0.021633364999999544,0.0,0.107,0.0,9.95684000000111,0.029853843499999554,0.0,0.0,0.271,0.138,0.0,0.0,0.0,0.0,0.0,1.2649148999999533,0.0
-8.40000000000001,0.0,0.0,0.06842326949999958,0.129,0.07592997899999954,0.0251,0.0,0.113,0.0,11.4,0.036407686999999106,0.0,0.0,0.275,0.146,0.0,0.0,0.0,0.0,0.0,8.398978799999439,0.0
-8.30000000000001,0.0,0.0,0.07192326949999957,0.13890291499999535,0.08022997899999951,0.02723336499999954,0.0,0.12,0.0,4.2670944000001985,0.04480768699999903,0.0,0.0,0.29,0.15443341499999524,0.0,0.0,0.0,0.0,0.0,8.604914899999953,0.0
-8.20000000000001,0.0,0.0,0.0768232694999995,0.149,0.08472997899999951,0.02933336499999948,0.0,0.128,0.0,0.18357263999999504,0.050053843499999466,0.0,0.0,0.31479401999999496,0.16343341499999475,0.0,0.0,0.0,0.0,0.0,8.790170200000103,0.0
-8.10000000000001,0.0,0.0,0.08112326949999951,0.15990291499999454,0.08962997899999951,0.0319,0.0,0.136,0.0,0.2,0.054153843499999466,0.0,0.0,0.3537940199999942,0.173,0.0,0.0,0.0,0.0,0.0,15.149148999999486,0.0
-8.00000000000001,0.0,0.0,0.08572326949999949,0.17290291499999444,0.09472997899999945,0.034533364999999455,0.0,0.145,0.0,0.206,0.05915384349999947,0.0,0.0,0.378,0.183,0.0,0.0,0.0,0.0,0.0,15.494893999996922,0.0
-7.900000000000011,0.0,0.0,0.09122326949999948,0.188,0.0987,0.0364,0.0,0.156,0.0,0.215,0.06395384349999944,0.0,0.0,0.42179401999999416,0.194,0.00480143989999735,0.0,0.0,0.0,0.0,15.605106000003078,0.0
-7.800000000000011,0.0,0.002068005999998769,0.09652326949999945,0.20690291499999405,0.103,0.0384,0.0,0.16892717499999452,0.017593259999995267,0.224,0.06935384349999943,0.0,0.0,0.4905880399999883,0.205,0.039320208499994465,0.0,0.0,0.0,0.0,11.397446999998197,0.0
-7.700000000000012,0.0,0.01772545999999888,0.101,0.22790291499999407,0.10729978999999426,0.0405,0.0,0.183,0.024823314999998815,0.234,0.0749,0.0,0.0,0.953498339999893,0.2164334149999941,0.052740069499998155,0.0,0.0,0.0,0.0,14.012765000009015,0.0
-7.600000000000012,0.0,0.027725459999998824,0.107,0.2629029149999937,0.112,0.0428,0.0,0.199,0.03501165749999937,0.24507263999999376,0.07865384349999938,0.0,0.0,1.56,0.233,0.06572671299999867,0.0,0.0,0.0,0.0,12.000851000000601,0.0
-7.500000000000012,0.0,0.034562729999999396,0.113,0.3189029149999936,0.117,0.0452,0.0,0.22292717499999365,0.04001165749999937,0.27007263999999376,0.08275384349999937,0.0,0.0,1.5,0.254,0.08085342599999736,0.0,0.0,0.0,0.0,17.09574499999699,0.0
-7.400000000000013,0.0,0.039625459999998794,0.119,0.5737378949999169,0.122,0.047133364999999365,0.0,0.2599271749999936,0.04721165749999936,0.269,0.08725384349999936,0.0,0.0,1.5,0.257,0.09432671299999866,0.0,0.0,0.0,0.0,14.9,0.0
-7.300000000000013,0.0,0.045725459999998705,0.1262326949999936,0.6499029149999932,0.127,0.04913336499999933,0.0,0.31085434999998723,0.05362331499999864,0.269,0.09195384349999933,0.008832482899994618,0.0,1.56,0.26843341499999324,0.103,0.0,0.0,0.0,0.0,16.39829799999862,0.0
-7.2000000000000135,0.0,0.05146272999999935,0.134,0.6590970850000069,0.132,0.051333364999999305,0.0,0.5084565000001366,0.05921165749999932,0.27,0.09695384349999932,0.0602,0.0,1.6820598000000717,0.2854334149999932,0.114,0.0,0.010033726499996272,0.0,0.0,15.59914899999931,0.0
-7.100000000000014,0.010211684999996489,0.05576272999999932,0.14223269499999314,0.867611659999971,0.137,0.05363336499999929,0.001036594854998378,0.5579271749999932,0.06522331499999855,0.2870726399999929,0.102,0.07258413799999733,0.0,1.58,0.3164334149999928,0.126,0.0,0.04823700699999389,0.0,0.0,10.70085100000069,0.0
-7.000000000000014,0.022804673999998595,0.0608,0.151,1.04,0.14229978999999274,0.056,0.021378982999998596,0.6357815249999783,0.07212331499999855,0.294,0.10753843499999267,0.09128413799999732,0.0,1.78,0.3364334149999928,0.139,0.0,0.05594566899999794,0.0,0.0,6.180680800000552,0.0
-6.900000000000015,0.033004673999998506,0.0650627299999993,0.162,1.25,0.148,0.05843336499999928,0.033918474499997894,0.7507815249999782,0.07851165749999928,0.30407263999999284,0.112,0.111,0.0,2.0,0.364,0.153,0.0,0.06824566899999783,0.0,0.0,0.6090085100000073,0.0
-6.800000000000015,0.03840233699999925,0.07126272999999926,0.1732326949999927,1.54,0.154,0.060833364999999244,0.04113949149999927,0.8708543499999855,0.08521165749999923,0.315,0.118,0.121,0.0,2.03,0.40043341499999235,0.16513356499999246,0.0,0.08434566899999783,0.0,0.0,0.5310170200000156,0.0
-6.700000000000015,0.045104673999998506,0.07516272999999926,0.187,1.75,0.161,0.06333336499999924,0.049378982999998544,1.01,0.09262331499999846,0.321,0.131,0.134,0.0,2.04,0.44743341499999234,0.17913356499999208,0.0,0.09633044599999846,0.0,0.0,0.489,0.0
-6.600000000000016,0.052702336999999204,0.07986272999999923,0.20423269499999225,1.94,0.168,0.0660333649999992,0.0576,1.06,0.101,0.33,0.13153843499999202,0.14771034499999242,0.0,2.13,0.5178668299999838,0.196,0.0,0.106,0.0,0.0,0.4570085100000078,0.0
-6.500000000000016,0.05770233699999921,0.08476272999999922,0.225,1.89,0.176,0.0689,0.06367898299999841,1.2392717499999186,0.11,0.337,0.1355384349999918,0.162,0.0,2.817641199999495,0.8356343949998944,0.21413356499999164,0.0,0.117,0.0,0.0,0.436,0.0
-6.400000000000016,0.06400467399999833,0.08956272999999922,0.257,1.77,0.184,0.07183336499999919,0.0705394914999992,1.35,0.12,0.345,0.139,0.17471034499999197,0.0,2.4220598000000853,1.52,0.236,0.0,0.129,0.0,0.0,0.433,0.0
-6.300000000000017,0.06950233699999916,0.09526272999999917,0.3042326949999918,1.7,0.193,0.075,0.07837898299999836,1.46,0.133,0.351,0.144,0.186,0.0,1.982059800000085,1.46,0.28200347499987366,0.0,0.142,0.0,0.0,0.434,0.0
-6.200000000000017,0.07720467399999834,0.101,0.7206288649999427,1.66,0.202,0.07843336499999916,0.08533949149999918,1.48,0.2632331499999828,0.358,0.162,0.197,0.0,1.8520598000000896,1.45,0.7670685199999295,0.0,0.156,0.0,0.0,0.435,0.0
-6.100000000000017,0.08300233699999912,0.106,0.6182326949999913,1.65,0.21329978999999127,0.08223336499999911,0.09297898299999828,1.43,0.33923314999998194,0.363,0.167,0.21,0.0,1.7,1.52,1.3013356499999076,0.0,0.168,0.0,0.0,0.435,0.0
-6.000000000000018,0.09020467399999824,0.111,0.648,1.45,0.227,0.0863333649999991,0.101,1.37,0.5863497249999728,0.37,0.178,0.223,0.0,1.9641196000001861,1.52,1.75,0.0,0.18215222999999137,0.008675133899991836,0.0,0.434,0.0
-5.900000000000018,0.09760233699999908,0.117,0.621,1.1909708500000904,0.242,0.0908333649999991,0.111,1.33,0.8865154749998819,0.378,0.19,0.237,0.0,1.44,1.43,2.3413356499999067,0.0,0.19815222999999102,0.0658515815000009,0.0,0.429,0.0
-5.8000000000000185,0.10502336999999075,0.124,0.6744653899999818,1.07,0.259,0.09573336499999906,0.121,1.3,1.13,0.38607263999999064,0.20253843499999047,0.25,0.0,1.14,1.6043341499999055,2.76,0.0,0.216152229999991,0.08199367399999634,0.0,0.424,0.0
-5.700000000000019,0.116,0.131,0.718,1.3370874499997152,0.2792997899999907,0.101,0.132,1.29,1.3,0.394,0.219,0.2627103449999908,0.0,1.2679401999999016,1.96,2.73,0.0,0.238,0.10548418499999064,0.0,0.423,0.0
-5.600000000000019,0.126,0.138,0.7352326949999904,1.720970850000099,0.3022997899999904,0.107,0.1463949149999905,1.310728250000095,1.45,0.401,0.237,0.276,0.0,1.3379401999999017,1.93,3.0013356499998984,0.0,0.26215222999999055,0.124,0.0,0.427,0.021875365499989485
-5.5000000000000195,0.13702336999999032,0.145,0.7682326949999904,1.85,0.33229978999999044,0.115,0.1633949149999905,1.11,1.6711657499999009,0.408,0.25853843499999,0.30771034499999034,0.0,2.742059800000102,1.89,3.4886643500001018,0.0,0.6442178399999239,0.137,0.0,0.43,0.06358656299999427
-5.40000000000002,0.18304673999997972,0.153,0.8092326949999904,1.7909708500000994,0.37729978999999,0.124,0.18339491499999006,0.9392184750000296,1.89,0.414,0.28653843499999,0.309,0.0,2.5141196000002055,1.95,3.394006949999694,0.0,0.9750681899994759,0.1534841849999902,0.0,0.432,0.086293281499997
-5.30000000000002,0.2901168499999493,0.162,0.842,1.9919417000002078,0.4395995799999799,0.13433364999998978,0.3737898299999801,0.8490728250000099,2.4711657499998965,0.419,0.3215384349999898,0.319,0.0,1.8941196000002056,1.98,3.467328700000204,0.0,1.5215222999999012,0.16948418499999,0.0,0.435,0.112
-5.200000000000021,0.5180934799999577,0.172,0.866,1.82,0.5305995799999796,0.14733364999998963,0.8031593199999191,0.76485434999998,1.9688342500001035,0.425,0.37353843499998957,0.327,0.0,1.47,2.1743341499998965,2.978664350000106,0.0,2.0315222999998963,0.186,0.0,0.439,0.128
-5.100000000000021,0.7160701099999682,0.183,0.9072326949999896,1.96,0.7457002100000105,0.16233364999998934,1.07,1.2785434999997922,1.86,0.432,0.47061530499996795,0.3527103449999897,0.0,1.42,2.41,2.41,0.0,2.53,0.199,0.0,0.443,0.144
-5.000000000000021,0.9737429300001165,0.196,0.9682326949999894,2.03,0.8082997899999895,0.181,1.38,1.37,1.76,0.439,0.7743843499998913,0.373,0.0,1.7879401999998892,1.87,2.53,0.005244822999988718,2.66,0.212,0.0,0.447,0.161
-4.900000000000022,1.03,0.21062729999998953,1.07,2.04,1.1870021000001094,0.2203336499999889,1.6239491499998917,1.399271749999892,1.6388342500001085,0.445,1.04,0.3947103449999893,0.0,2.41,1.57,2.6086643500001108,0.08096437000000536,2.631522299999892,0.22648418499998932,0.0,0.452,0.179
-4.800000000000022,1.08,0.2256272999999891,1.19,2.1490291499998873,1.18,0.28266729999997775,1.98,1.26,1.52,0.45107263999998887,0.935,0.417,0.0,2.6879401999998884,1.59,1.8786643500001146,0.11247125999998882,2.87,0.242,0.0,0.454,0.196
-4.700000000000022,1.12,0.2486272999999891,1.15,2.4990291499998873,1.26,0.35,2.24394914999989,1.26,1.3888342500001123,0.458,1.1146156500001132,0.438710344999989,0.0,2.71,1.7456658500001123,1.38,0.1504712599999888,3.24,0.258,0.0,0.457,0.2119776049999891
-4.600000000000023,1.19,0.2736272999999888,1.14,2.918058299999766,1.29,0.39600189999993074,2.7760508500001126,1.6721847500003382,1.15,0.465,1.1153843499998846,0.46571034499998887,0.0,2.8679401999998837,1.36,2.022671299999762,0.1694712599999886,3.35,0.27348418499998867,0.011524687999981634,0.46,0.228
-4.500000000000023,1.26,0.308,1.1,3.796116599999531,1.34,0.5573336499999885,2.26,1.34,1.08,0.472,1.59,0.495,0.0,2.89,1.1856658500001167,2.957328700000238,0.194,3.0484777000001126,0.288,0.08415763699998967,0.464,0.246
-4.4000000000000234,1.39,0.3802545999999773,0.7794403550001254,2.9467959500008205,1.8529978999998817,0.557,2.03,1.32,1.02,0.479,1.55,0.527,0.0,2.54,1.2543341499998815,3.525993050000359,0.21847125999998837,2.516955400000233,0.3104841849999884,0.122,0.467,0.2659776049999887
-4.300000000000024,1.53,0.6603910999999173,0.5763019150000351,2.18,2.1129978999998817,0.573,2.05,1.529271749999883,1.42,0.485,1.68,0.5637103449999884,0.0,1.857059800000123,1.5286682999997627,3.482671299999753,0.23947125999998792,2.348477700000117,0.329,0.159,0.471,0.2869776049999882
-4.200000000000024,1.52,0.6346272999999882,0.4737673050000121,1.3809708500001214,2.4929978999998808,0.603,1.8360508500001191,1.58,1.31,0.491,2.155384349999878,0.6067103449999881,0.0,1.1570598000001229,2.6169975500003635,1.81,0.25747125999998793,2.26,0.340484184999988,0.18195292999998766,0.475,0.3069776049999882
-4.1000000000000245,1.52,0.6503727000000121,0.4237673050000122,1.5490291499998743,2.4170021000001225,0.7270009499999627,1.6360508500001216,1.49,1.41,0.497,2.0615373999995024,0.6584206899999759,0.0,0.8404119600000254,2.53,2.1113356499998717,0.27747125999998773,2.36,0.35048418499998774,0.20895292999998763,0.48,0.3369776049999878
-4.000000000000025,1.55,0.628,0.37653461000002447,1.868058299999748,1.6229978999998766,0.8446672999999749,1.36,1.54,1.3111657499998743,0.504,1.4346156500001264,0.7257103449999878,0.0,0.752,1.6956658500001256,2.501335649999872,0.299,1.8384777000001216,0.3644841849999875,0.2379529299999874,0.486,0.35897760499998776
-3.9000000000000252,1.5295326000002516,0.644,0.322,1.63,2.2029978999998745,0.9313336499999874,1.2160508500001248,1.7185434999997482,1.28,0.51,1.3953843499998735,0.8104206899999751,0.0,0.8158820599999613,1.54,2.7963356499998695,0.321,1.4684777000001237,0.399,0.259,0.492,0.37797760499998756
-3.8000000000000256,1.22,0.6433727000000127,0.313,1.51,2.23,0.9926672999999743,1.646050850000126,1.74,1.25,0.517,1.83,0.9381310349999621,0.0,1.2258803999997365,1.5343341499998713,3.0636643500001304,0.339,1.5515222999998741,0.4244841849999872,0.28195292999998717,0.499,0.397
-3.700000000000026,0.9358130400001042,0.7042545999999743,0.32,1.8090291499998696,1.94,1.09,1.57,1.9392717499998697,1.17,0.523,1.8884626000005238,1.1271034499998716,0.0,2.7347009999993417,1.774334149999869,2.87,0.359471259999987,2.8330445999997447,0.4514841849999871,0.307,0.506,0.45497760499998735
-3.6000000000000263,0.5659532600000264,0.7426272999999871,1.2,2.1109708500001325,2.3259957999997365,1.0066635000001332,1.7260508500001306,2.167815249999608,1.24,0.531,1.5307686999997359,1.55,0.0,3.5758803999997273,2.3786682999997337,3.05,0.39,2.93,0.47748418499998696,0.33395292999998677,0.512,0.4859776049999871
-3.5000000000000266,0.48597663000001323,0.7816272999999869,1.5723269499998693,2.04,2.894989499999331,0.8250056999997588,1.552101700000263,2.13,1.4111657499998653,0.539,2.2953843499998645,1.53,0.0,3.88,2.48,2.480993050000413,0.403,3.9584777000001323,0.5104841849999868,0.358,0.517,0.5359776049999869
-3.400000000000027,1.38,0.8086272999999867,1.86,2.096116599999452,3.1529978999998653,0.8443336499999864,1.6160508500001338,2.349271749999865,1.46,0.548,2.27,1.43,0.0,2.984119600000275,2.565665850000136,1.4273287000002783,0.41,2.016955400000265,0.5464841849999866,0.383,0.535,0.5979776049999866
-3.3000000000000274,1.43,0.8526272999999864,2.1446538999997298,1.88,3.2,0.9683308000001101,1.5,1.9807282500001349,1.44,0.558,2.3853843499998613,1.45,0.0,2.4670598000001407,2.73,0.9933664350000139,0.44547125999998627,1.83,0.5854841849999863,0.4379529299999863,0.541,0.6809552099999729
-3.2000000000000277,1.7202336999998609,0.891,2.015346100000272,1.91,3.512997899999861,0.8416654000000553,1.6860508500001359,1.5507282500001391,1.498834250000139,0.5680726399999859,2.1138469500004193,1.34,0.0,2.3629401999998594,2.654334149999861,1.08,0.471,2.171522299999863,0.6334841849999862,0.441,0.544,0.8029328149999594
-3.100000000000028,1.9402336999998586,0.9446272999999862,1.6,1.72,3.814004200000281,0.7890018999999148,1.8760508500001394,1.17,1.52,0.579,1.084615650000142,1.34,0.0,2.4929401999998553,2.3156658500001432,2.1253425999994255,0.499,2.4769554000002776,0.6924841849999859,0.456,0.545,0.99588802499993
-3.0000000000000284,2.3697663000001414,1.05,1.4,1.6209708500001438,4.188993699999572,0.9646672999999714,1.81,1.23,1.8111657499998566,0.588,0.9091537399999428,1.34,0.0,2.204700999999275,1.9856658500001434,3.34,0.522,2.81,0.7629683699999718,0.5029058599999713,0.5649829799999715,2.16977604999986
-2.9000000000000288,1.8297663000001436,1.22,1.18,1.5890291499998541,3.692997899999855,1.1366729999997098,1.7960508500001426,1.3392717499998563,2.02,0.6100726399999855,1.4861530499995637,1.36,0.0,2.5858803999997075,1.3513317000002907,3.552671299999704,0.5524712599999857,2.826299300001273,0.8599683699999713,0.5349529299999854,0.596,2.05
-2.800000000000029,1.5097663000001458,1.23,1.07,1.62,3.5689936999995653,1.25,2.063949149999856,1.32,2.3923314999997043,0.618,2.94,1.39,0.0,3.1811794000004485,0.9708329250000739,4.668013899999112,0.5844712599999854,2.65,0.9944525549999566,0.5749529299999854,0.5950085100000146,1.84
-2.7000000000000295,1.2,0.9824908000000585,1.04,1.6,2.707002100000148,1.23,2.46,1.2,2.612331499999704,0.622,2.952309550001041,1.7371034499998537,0.0,3.0,0.7975665850000149,3.4509930500004526,0.6144712599999852,2.9,1.2,0.6129529299999852,0.576,2.0097760499998554
-2.60000000000003,1.0997663000001503,0.8037454000000295,1.06,1.61,2.6040042000002988,1.24,3.029745749999258,1.13,2.3376685000003006,0.623,2.79,1.73,0.0,3.071179400000462,0.8034334149999848,2.4,0.650471259999985,2.1669554000002953,1.7245255499995562,0.660952929999985,0.56,1.96
-2.50000000000003,1.0397663000001502,0.6981181000000447,0.9842673050000149,1.75,3.2949894999992497,1.37,3.708152550000448,1.06,1.75,0.6630726399999849,2.475384349999848,1.69,0.0,2.407059800000154,0.9448668299999695,2.59,0.6904712599999847,1.4084777000001498,2.0,0.7109529299999847,0.552,2.399776049999851
-2.4000000000000306,0.9359298900000464,0.5427454000000301,1.01,1.82,3.85,1.4733270000003078,2.4681525500004544,1.1142717499998478,1.2238342500001547,0.667,3.260768699999691,1.72,3.216680499712572e-05,2.267059800000155,1.578668299999691,2.476335649999843,0.7344712599999847,0.94169554000003,2.01,0.7699529299999845,0.547,2.6
-2.300000000000031,0.7820467399999691,0.4573727000000153,1.18,2.0690291499998428,3.634004200000308,1.676672999999689,1.6939491499998471,1.324271749999845,1.0961657499998454,0.6529273600000156,3.0646156500001553,1.89,0.21720410499989112,2.4429401999998417,2.567336599999382,3.652671299999686,0.7824712599999846,0.9141522299999848,1.89,0.840905859999969,0.543,2.48
-2.2000000000000313,0.8620467399999691,0.41637270000001547,1.3773269499998448,3.0187376500014143,3.2070021000001567,1.9466729999996846,1.27,1.45,1.4061657499998408,0.629,3.6753843499998426,1.68,0.3233440299999685,2.83,3.600665850000159,4.48732870000032,0.8374712599999843,1.2630445999996942,1.89,0.9259058599999687,0.5340085100000158,2.57
-2.1000000000000316,0.9740701099999522,0.3673727000000156,1.847326949999845,3.07,3.08,1.22,1.6439491499998427,1.4442717499998432,1.576165749999841,0.615,2.8492313000003193,2.231310349999533,0.5016880599999367,2.94,3.527336599999364,2.8273287000003227,0.8994712599999841,2.677611499999217,1.98,1.039529299999841,0.53,3.2306718500004665
-2.000000000000032,1.1702336999998408,0.33637270000001585,2.13,2.151941700000323,3.187002100000159,1.2900094999995182,2.417644049998893,1.53,1.3561657499998383,0.611,2.415384349999839,1.782896550000158,0.6044839550000481,3.0870598000001626,2.490665850000163,2.77,0.9779425199999678,3.19,2.5,1.18,0.545,2.91
-1.9000000000000323,1.4902336999998365,0.331,1.82,1.41,3.758993699999514,1.06,1.5860508500001604,1.7257282500001612,1.24,0.601,1.97,1.4728965500001596,0.6031720149999837,2.68,2.53,2.39,1.08,3.46,2.52,1.3795292999998374,0.565,2.46
-1.8000000000000327,2.090467399999673,0.3476272999999837,1.4126730500001627,1.100970850000166,4.814989499999183,0.9716663500000164,1.46,1.345728250000164,1.14,0.597,1.9907686999996714,1.15,0.6411720149999836,2.337059800000167,2.8313317000003266,2.864349549998839,1.21,3.723910800000644,2.54,2.0895292999998354,0.601,2.050223950000162
-1.700000000000033,2.6,0.37862729999998374,1.22,0.28,5.276016800001324,0.9406720499997169,1.683949149999836,1.22,1.243834250000168,0.615,2.0,1.43,0.6661720149999835,2.08,2.359334149999832,3.47,1.42,2.8145668999995146,3.199367399999344,2.03,0.7170085100000165,1.95
-1.6000000000000334,1.8747663000001658,1.158818999999504,1.092673050000164,0.282,2.4780084000006686,1.0566729999996625,2.0,1.32,1.436165749999832,0.6360726399999832,1.92,1.88,0.699,2.4429401999998284,2.35,3.40633564999983,1.8,2.583044599999669,3.7003163000003325,1.849529299999832,0.678,1.67
-1.5000000000000338,1.47476630000017,2.08,1.0226730500001673,0.284,0.412,1.4033364999998303,1.96,1.1857282500001682,1.55,0.73,1.96,1.7571034499998333,0.7461720149999831,1.7641196000003434,2.389334149999828,3.65,1.7347125999998303,2.588477700000166,2.42,1.84,0.6510085100000169,2.08
-1.400000000000034,0.858429890000051,2.857454000000334,0.8746038300001011,0.283,0.405,1.49,1.97,1.14,1.53,0.7610726399999829,1.8446156500001722,2.322896550000168,0.8091720149999829,1.45,2.66,2.7573287000003495,1.7447125999998294,2.47152229999983,1.9551581500001696,1.85,0.5909914899999829,2.478880249999156
-1.3000000000000345,0.7639532600000345,2.1737270000001714,0.5192673050000172,0.27,0.401,1.5333270000003465,2.0921017000003412,1.12,1.59,0.762,1.85,2.2571034499998293,0.8873440299999653,1.36,2.570665850000172,2.6833564999982533,1.77,2.9130445999996586,2.265158150000172,1.89,0.585,2.74
-1.2000000000000348,0.684953260000035,1.5537270000001715,0.481,0.268,0.3857002100000175,1.35,2.0018474499994814,1.1,1.6638342500001768,0.717,2.075384349999825,2.6671034499998263,1.01,1.51,2.7,2.2973287000003553,1.8,3.27,2.4848418499998273,1.9495292999998253,0.6049914899999825,2.05
-1.1000000000000352,0.6364673999996507,1.41,0.444,0.273,0.35,1.28,1.75,1.11,1.39,0.654,2.2053843499998225,2.79,4.508600749999116,1.5470598000001774,2.39,1.84,1.85,3.3265222999998247,2.654841849999825,2.33,0.6449914899999823,2.8302239500001733
-1.0000000000000355,0.5724766300000178,1.33,0.41426730500001757,0.28,0.351,1.3,1.62,1.11,1.45,0.6650726399999821,2.8453843499998204,3.0771034499998233,4.84,1.47,2.8593341499998193,1.9263356499998179,2.07,2.9269554000003533,2.93,2.31,0.6799914899999823,2.939552099999649
-0.9000000000000359,0.542,1.32,0.3912673050000178,0.28590291499998205,0.354,1.35,1.54,1.07,1.37,0.703,3.4853843499998205,3.67,3.6448395500005404,1.35,2.94,2.1036643500001806,2.21,2.3665222999998234,3.4548418499998212,2.33,0.603008510000018,3.53
-0.8000000000000362,0.531,1.28,0.369,0.288,0.354,1.66,1.55,1.07,1.25,0.7679273600000183,4.350768699999636,3.11,2.76,1.35,3.23,1.92,2.2147125999998183,2.883044599999641,3.81515815000018,2.19,0.5320085100000183,3.29
-0.7000000000000366,0.519429890000055,1.29,0.371,0.286,0.3457002100000183,2.1133364999998165,1.5939491499998188,1.12,1.21,0.6555641600001109,4.871537399999263,3.468689650000547,2.3882798500001834,1.35,3.27,1.85,2.21,3.15,4.454841849999817,4.376935699991003,0.5000085100000182,3.55977604999982
-0.600000000000037,0.506,1.27,0.367,0.2795970850000186,0.324,2.943241500005409,1.53,1.21,1.17,0.579,3.4807652499972006,1.978689650000547,1.9682798500001857,1.33,2.651331700000371,1.81,3.0494251999996296,3.27,3.62,2.100470700000186,0.488,4.080223950000183
-0.5000000000000373,0.503,1.4,0.3747326949999815,0.278,0.318,1.1399905000005595,1.653949149999816,1.24,1.18,0.5529273600000187,0.447,1.1628965500001855,1.76,1.33,2.2506658500001895,1.81,3.1141377999994377,3.2934777000001856,3.5164233500016713,2.29,0.459,2.1006718500005532
-0.40000000000003766,0.503,1.5312729999998131,0.362,0.279,0.315,0.1956663500000191,1.9,1.3442717499998122,1.2,0.5560726399999811,0.44,0.9755793100000374,1.6582798500001892,1.26,2.08,1.82,3.0141377999994345,2.9334777000001857,1.5651581500001879,2.7109414000003804,0.455,1.1602239500001843
-0.300000000000038,0.507,2.0712729999998127,0.367,0.28,0.314,0.181,1.9239491499998116,1.5542717499998095,1.2,0.49992736000001914,0.34746156500001907,1.3642068999996264,3.986880599999236,1.23,2.13,1.78,3.9235629999990467,2.3534777000001883,1.25,2.94952929999981,0.4330085100000191,0.9499552099999622
-0.20000000000003837,0.528,2.0687270000001914,0.373,0.282,0.312,0.182,2.33,1.8042717499998095,1.18,0.44992736000001937,0.31,1.4752413999977314,7.838921649997874,1.2,2.378668299999611,1.68,4.0,2.5504331000005696,1.8348418499998087,3.8104707000001925,0.41,1.0997760499998113
-0.10000000000003872,0.551,1.6287270000001912,0.3807326949999809,0.283,0.31,0.182,3.0721017000003856,2.12,1.24,0.413,0.302,1.27,10.4,1.19,1.58,1.62,4.094712599999806,1.813477700000193,1.6148418499998065,4.19094140000039,0.377,1.5002239500001933
-3.907985046680551e-14,0.5795233699999803,1.37,0.419,0.283,0.306,0.179,2.4221017000003857,2.134271749999805,1.33,0.391,0.303,1.3821034499998064,13.517201499998041,1.18,1.4493341499998014,1.63,4.424712599999803,1.72,1.8748418499998054,4.02,0.356,1.5797760499998068
0.09999999999996056,0.633,1.1987270000001957,0.5008615599998439,0.279,0.294,0.16466635000002,1.6110508500001952,1.5757282500001968,1.37,0.4120726399999802,0.304,1.6721034499998055,8.500757450003368,1.2,1.389334149999801,1.6,5.086437000000987,1.69,2.9845255499994097,4.872353500000996,0.41797446999994065,2.848208399998454
0.1999999999999602,0.6940467399999601,1.0687270000001958,0.5741980849999404,0.277,0.289,0.161,1.261050850000199,1.18,1.47,0.55721791999994,0.301,2.422103449999802,4.18,1.2,1.38,1.61,2.815862200000602,1.93,4.753260349997823,4.722353500000995,0.43,4.259104199999209
0.29999999999995985,0.93552336999998,0.9867454000000401,0.6684653899999601,0.277,0.285,0.161,0.236,0.939,1.7461657499997965,0.5891452799999595,0.3,3.9742068999996043,4.845160449999393,1.2,1.39,2.056335649999796,2.22,1.79,4.745158150000201,2.0009414000004027,0.52199148999998,3.8302239500001978
0.3999999999999595,0.986,0.8997454000000401,0.6817326949999801,0.277,0.282,0.16016635000002022,0.217,0.8197184750000606,2.31,0.6481452799999595,0.299,3.66,6.11311940000081,1.22,1.4,1.69,2.02,1.7,4.474841849999797,1.9,0.545,3.39
0.49999999999995914,1.02,0.8407454000000402,0.708,0.277,0.28,0.16,0.222,0.278,2.27,0.6700726399999796,0.3,3.3378965500002025,4.196559700000409,1.27,1.37,1.71,1.67,1.65,4.555158150000203,1.72,0.466,3.62
0.5999999999999588,1.05,0.6564908000000819,0.7327326949999793,0.277,0.278,0.156,0.226,0.28,1.77,0.7085811199998343,0.295,3.34,5.551399250001035,0.0,1.36,1.8663356499997927,1.7,1.59,4.1945255499993825,1.67,0.45299148999997935,3.3252239500002045
0.6999999999999584,1.08,0.4402178000002866,0.736,0.278,0.277,0.15,0.229,0.279,1.2838342500002098,0.6,0.307,3.3542068999995864,7.739679100001253,0.0,1.3106658500002082,2.05,1.86,1.6,4.9938929499985525,1.63,0.49305106000012533,3.1447760499997957
0.7999999999999581,1.13,0.368,0.7597326949999793,0.278,0.276,0.147,0.232,0.2685728250000211,0.981,0.6120726399999789,0.314,3.607896550000207,12.08279850000211,0.0,1.2606658500002081,2.4463356499997873,2.26471259999979,1.59,4.330632600000836,1.83,0.491,3.739552099999582
0.8999999999999577,1.21,0.348,0.7857326949999791,0.279,0.273,0.146,0.235,0.27,0.8115337000000861,0.6400726399999789,0.314,3.387896550000211,21.151604499993656,0.0,1.22,2.656335649999787,3.4288503999991535,1.58,5.444209249998943,2.2895292999997876,0.503,4.095671850000627
0.9999999999999574,1.35,0.319,0.8107326949999791,0.278,0.26670021000002136,0.145,0.236,0.272,0.2166165749999785,0.7372179199999359,0.317,3.32,50.48485099992735,0.0,1.17,2.7,5.207700799998288,1.5,6.419367399999151,3.58811719999915,0.5369914899999787,3.22
1.099999999999957,1.37,0.3118727000000214,0.8427326949999784,0.277,0.262,0.145,0.235,0.273,0.2206165749999785,0.9082905599999137,0.307,2.7657931000004243,31.164440499941712,0.0,1.18,0.0,6.224712599999786,1.47,4.41,5.08,0.5599914899999787,4.1891041999991465
1.1999999999999567,1.4604673999995665,0.307,0.8817326949999784,0.275,0.26,0.144,0.236,0.274,0.224,0.9789273600000216,0.297,2.9584137999991373,46.665597000004354,0.0,1.18,0.0,6.834023600003027,1.43,3.430316300000431,4.81,0.6159914899999782,4.16
1.2999999999999563,1.37,0.3067454000000436,0.9496634749998919,0.272,0.259,0.143,0.24,0.275,0.227,0.953927360000022,0.288,3.35,108.0241405003805,0.0,1.17,0.0,4.31028740000022,1.44,3.04,4.8,0.7259829799999564,4.215223950000218
1.399999999999956,1.35,0.3061272999999782,1.03,0.272,0.26,0.139,0.243,0.275,0.23,0.879927360000022,0.278,2.86789655000022,11.5,0.0,1.12,0.0,5.1,1.44,2.44031630000044,4.971412100000664,0.906,3.3504479000004355
1.4999999999999556,1.38,0.30387270000002187,1.07,0.27,0.26,0.136,0.245,0.2735728250000224,0.232,0.8689273600000225,0.281,2.92210344999978,20.892425499961856,0.0,1.0906658500002253,0.0,3.6461457999816833,1.44,2.4854744500006674,4.160941400000443,0.819,2.68522395000022
1.5999999999999552,1.6052336999997745,0.295,1.11,0.269,0.2633993699999326,0.135,0.246,0.27,0.233,0.82,0.29503843499997734,3.9815862000008844,8.446559700000448,0.0,1.1,0.0,4.99942519999955,1.772611499998895,2.06,3.62,0.8060170200000445,2.3052239500002223
1.6999999999999549,1.5847663000002257,0.309,1.17,0.265,0.256,0.134,0.248,0.27,0.231,0.8390726399999775,0.26,2.5078965500002246,8.638074600008105,0.0,1.11,0.0,5.449712599999775,1.56,2.0848418499997754,2.948587899999323,0.7070085100000226,2.1304479000004446
1.7999999999999545,1.4147663000002302,0.36625459999995463,1.07,0.261,0.255,0.133,0.249,0.274,0.226,0.8430726399999771,0.258,2.1978965500002245,7.544839550000686,0.0,1.12,0.0,6.017472400005965,1.526522299999776,2.29,3.92094140000046,0.697,1.5752239500002267
1.8999999999999542,1.36,0.4762545999999546,1.07,0.259,0.248,0.132,0.248,0.276,0.229,0.899,0.253,2.037896550000229,6.783440299999542,0.0,1.12,0.0,3.880574800000459,1.946089199999092,2.275158150000229,3.86,0.694,1.42
1.9999999999999538,1.52,0.6012545999999545,1.12,0.257,0.24,0.132,0.246,0.278,0.231,0.8539273600000233,0.248,1.525793100000458,7.06,0.0,1.1293341499997658,0.0,2.630574800000459,1.990433100000681,2.26,4.842646499998838,0.6964914899999769,1.6052239500002288
2.0999999999999535,1.58,0.651,1.312673050000234,0.254,0.233,0.132,0.246,0.278,0.233,0.775,0.242,1.41,6.071399250001166,0.0,1.17,0.0,2.410862200000702,2.1065222999997673,2.31,3.5064121000006976,0.7389829799999533,1.44
2.199999999999953,1.81,0.6781272999999766,1.2746538999995323,0.249,0.23,0.131,0.246,0.0,0.236,0.814,0.239,1.24,6.866880599999064,0.0,1.45,0.0,2.8120118000016383,2.1795668999993016,2.31,2.97,0.7945085100000234,1.36
2.2999999999999527,2.997103299997848,0.7041272999999765,1.12,0.246,0.225,0.13,0.247,0.0,0.237,0.8515726399999765,0.236,1.11,8.123761199998098,0.0,1.2406658500002348,0.0,2.1797125999997617,2.41,2.41,2.065470700000237,0.772,1.44
2.3999999999999524,1.8395326000004784,0.7061272999999764,1.11,0.249,0.222,0.129,0.248,0.0,0.0,0.909,0.23392313000004797,1.347896550000238,4.968279850000237,0.0,1.233329250001215,0.0,2.649425199999523,2.39,2.53,1.97,0.755,1.56
2.499999999999952,1.434766300000239,0.7291272999999764,0.0,0.245,0.217,0.128,0.249,0.0,0.0,0.9791452799999519,0.23,1.07,4.66327985000024,0.0,1.428668299999514,0.0,2.56,2.596522299999764,2.7398418499997623,1.62,0.7105085100000239,1.45
2.5999999999999517,1.18,0.7638910999998345,0.0,0.241,0.206,0.127,0.25,0.0,0.0,1.0742736000002429,0.229,1.2978965500002388,4.086559700000485,0.0,0.0,0.0,2.58,2.9865222999997583,2.84,1.6409414000004825,0.735,1.43
2.6999999999999513,1.0347663000002434,0.7891272999999757,0.0,0.243,0.2,0.125,0.251,0.0,0.0,1.04,0.227,1.23,4.033440299999511,0.0,0.0,0.0,2.6597125999997573,3.27,4.026520699994669,1.5,0.7714914899999757,1.43
2.799999999999951,0.9349532600000496,0.8141272999999756,0.0,0.246,0.19520021000002463,0.125,0.25,0.0,0.0,1.0,0.226,1.3021034499997541,4.7067201499997555,0.0,0.0,0.0,2.74,3.66,4.429683699999515,1.865470700000246,0.795,1.44
2.8999999999999506,0.8574766300000248,0.846,0.0,0.251,0.191,0.124,0.248,0.0,0.0,0.9548547200000498,0.22703843499997559,1.24,4.4365597000004975,0.0,0.0,0.0,2.889712599999753,3.59,4.949841849999753,2.02,0.8064914899999753,1.43
2.9999999999999503,0.81,0.879,0.0,0.246,0.187,0.122,0.248,0.0,0.0,0.8954273600000249,0.23,1.22,3.633279850000249,0.0,0.0,0.0,3.0897125999997526,3.86,5.763795600005922,1.73,0.8684914899999752,1.45
3.09999999999995,0.793,0.9221272999999756,0.0,0.3296116599998982,0.183,0.119,0.249,0.0,0.0,0.8665726399999748,0.233,1.22,3.21,0.0,0.0,0.0,4.167125999997483,3.1734777000002508,7.190158150000252,1.7,0.891,1.46
3.1999999999999496,0.0,0.9782545999999493,0.0,0.4604029149999746,0.177,0.116,0.25,0.0,0.0,0.8274273600000253,0.23,1.22,1.5563992500012662,0.0,0.0,0.0,3.5597125999997483,2.9034777000002507,8.529051099998492,1.72,0.867,1.49
3.299999999999949,0.0,1.06,0.0,0.4235970850000254,0.172,0.114,0.252,0.0,0.0,0.7804273600000253,0.232,1.22,2.6634402999994933,0.0,0.0,0.0,5.312299200002048,2.1539108000010025,6.3703163000005025,1.7345292999997453,0.827,1.52
3.399999999999949,0.0,1.09,0.0,0.393,0.165,0.113,0.254,0.0,0.0,0.7234273600000257,0.238,1.23,4.296720149999742,0.0,0.0,0.0,5.919425199999488,0.5973477700000254,1.5,1.7645292999997433,0.8224914899999743,1.56
3.4999999999999485,0.0,1.1512729999997457,0.0,0.36159708500002596,0.153,0.11,0.256,0.0,0.0,0.734,0.245,1.23,3.7632798500002576,0.0,0.0,0.0,7.097125999997438,0.568,1.42,1.8,0.7765085100000257,1.62
3.599999999999948,0.0,1.07,0.0,0.3335970850000263,0.148,0.109,0.255,0.0,0.0,0.716,0.243,1.25,4.123440299999479,0.0,0.0,0.0,8.096263799996612,0.545,1.32,1.83,0.757,1.6947760499997446
3.6999999999999478,0.0,1.06,0.0,0.3165970850000263,0.142,0.107,0.259,0.0,0.0,0.7155726399999738,0.23,1.27,4.019197750003932,0.0,0.0,0.0,9.02057480000052,0.0,1.3096836999994799,1.89,0.753508510000026,1.77
3.7999999999999474,0.0,1.11,0.0,0.301,0.16759957999994723,0.103,0.25,0.0,0.0,0.7848631999998689,0.23,1.28,2.18,0.0,0.0,0.0,5.7517244000015895,0.0,1.24015815000026,1.95,0.7075085100000265,1.83
3.899999999999947,0.0,1.27,0.0,0.278,0.25219915999989406,0.09981663500000268,0.25,0.0,0.0,0.9908547200000534,0.2290384349999738,1.31,2.21,0.0,0.0,0.0,2.500287400000265,0.0,1.2,2.024529299999734,0.6545085100000265,2.4438802499986787
3.9999999999999467,0.0,1.05,0.0,0.26,0.24079978999997334,0.09721663500000267,0.249,0.0,0.0,0.8448547200000531,0.24107686999994588,1.34,2.193279850000268,0.0,0.0,0.0,2.22,0.0,1.12,2.399058599999464,0.6444914899999733,2.732984449997622
4.099999999999946,0.0,1.12,0.0,0.254,0.3035995799999464,0.095,0.246,0.0,0.0,0.779,0.209,1.36,2.29,0.0,0.0,0.0,1.9702874000002695,0.0,1.07,2.285470700000268,0.659,2.65
4.199999999999946,0.0,0.0,0.0,0.0,0.282,0.09291663500000269,0.242,0.0,0.0,0.758,0.202,1.4,2.31,0.0,0.0,0.0,1.79,0.0,1.03,2.672646499998638,0.6355085100000268,2.81
4.299999999999946,0.0,0.0,0.0,0.0,0.266,0.0911,0.238,0.0,0.0,0.798,0.195,1.46,2.3,0.0,0.0,0.0,1.63,0.0,0.948,3.15,0.607,3.0
4.399999999999945,0.0,0.0,0.0,0.0,0.281,0.08931663500000277,0.235,0.0,0.0,0.817,0.187,1.66,2.4,0.0,0.0,0.0,1.56,0.0,0.9300158150000274,3.5145292999997255,0.6739829799999454,3.17
4.499999999999945,0.0,0.0,0.0,0.0,0.3053993699999175,0.0863,0.233,0.0,0.0,0.836,0.182,1.61,2.53,0.0,0.0,0.0,1.43,0.0,0.8940158150000274,4.160941400000554,0.7764914899999723,3.8095520999994537
4.599999999999945,0.0,0.0,0.0,0.0,0.272,0.0842,0.231,0.0,0.0,0.832427360000028,0.178,1.8557931000005488,2.7,0.0,0.0,0.0,1.35,0.0,0.859,3.87,0.7495085100000277,3.514776049999727
4.699999999999944,0.0,0.0,0.0,0.0,0.259,0.0828,0.227,0.0,0.0,0.833,0.175,1.9178965500002743,2.85,0.0,0.0,0.0,1.330287400000283,0.0,0.8270158150000277,3.8945292999997188,0.6975085100000277,3.81
4.799999999999944,0.0,0.0,0.0,0.0,0.265,0.07841663500000277,0.224,0.0,0.0,0.8415726399999719,0.0,0.0,2.89,0.0,0.0,0.0,1.31,0.0,0.804,4.17,0.675,4.170447900000555
4.8999999999999435,0.0,0.0,0.0,0.0,0.25,0.07441663500000285,0.223,0.0,0.0,0.8768547200000568,0.0,0.0,3.03,0.0,0.0,0.0,1.21,0.0,0.794,4.9456484000034,0.6745085100000283,3.910447900000564
4.999999999999943,0.0,0.0,0.0,0.0,0.2865995799999432,0.07171663500000286,0.21910508500002834,0.0,0.0,0.8485726399999716,0.0,0.0,3.09,0.0,0.0,0.0,1.2,0.0,0.791,4.77,0.657,3.315223950000282
5.099999999999945,0.0,0.0,0.0,0.0,0.294,0.0691,0.0,0.0,0.0,0.8845726399999725,0.0,0.0,3.373279850000276,0.0,0.0,0.0,1.15,0.0,0.7710158150000278,4.714707000002789,0.669,2.7452239500002733
5.1999999999999424,0.0,0.0,0.0,0.0,0.313,0.06631663500000287,0.0,0.0,0.0,0.903,0.0,0.0,2.843279850000288,0.0,0.0,0.0,1.339425199999417,0.0,0.7690158150000287,3.415470700000288,0.6834914899999714,1.7152239500002866
5.29999999999994,0.0,0.0,0.0,0.0,0.29820021000002944,0.0,0.0,0.0,0.0,0.86,0.0,0.0,2.753279850000297,0.0,0.0,0.0,0.7992299200002404,0.0,0.789,2.87,0.698,1.44
5.399999999999942,0.0,0.0,0.0,0.0,0.29,0.0,0.0,0.0,0.0,0.890572639999971,0.0,0.0,4.122958950002057,0.0,0.0,0.0,0.5830862200000875,0.0,0.736,2.36,0.678,1.365223950000291
5.499999999999943,0.0,0.0,0.0,0.0,0.2637997899999716,0.0,0.0,0.0,0.0,0.9435726399999715,0.0,0.0,2.3565597000005702,0.0,0.0,0.0,0.4860574800000566,0.0,0.722,2.33,0.6705085100000283,0.0
5.599999999999941,0.0,0.0,0.0,0.0,0.268,0.0,0.0,0.0,0.0,0.973,0.0,0.0,1.933279850000294,0.0,0.0,0.0,0.42002874000002915,0.0,0.712,2.51,0.6784914899999706,0.0
5.699999999999939,0.0,0.0,0.0,0.0,0.273,0.0,0.0,0.0,0.0,0.9875726399999692,0.0,0.0,1.71,0.0,0.0,0.0,0.379,0.0,0.7130632600001218,2.1164121000009164,0.697,0.0
5.79999999999994,0.0,0.0,0.0,0.0,0.26,0.0,0.0,0.0,0.0,1.01,0.0,0.0,1.78,0.0,0.0,0.0,0.32705748000006013,0.0,0.6450158150000296,1.6,0.7294914899999705,0.0
5.899999999999942,0.0,0.0,0.0,0.0,0.256,0.0,0.0,0.0,0.0,1.06,0.0,0.0,1.723279850000288,0.0,0.0,0.0,0.2750287400000292,0.0,0.631,1.9045292999997072,0.7739829799999418,0.0
5.99999999999994,0.0,0.0,0.0,0.0,0.253,0.0,0.0,0.0,0.0,1.13,0.0,0.0,1.33,0.0,0.0,0.0,0.219,0.0,0.627,1.6654707000003015,0.797,0.0
6.0999999999999375,0.0,0.0,0.0,0.0,0.251,0.0,0.0,0.0,0.0,1.13,0.0,0.0,1.42,0.0,0.0,0.0,0.194,0.0,0.6289683699999373,1.23,0.802,0.0
6.199999999999939,0.0,0.0,0.0,0.0,0.0,0.0,0.0,0.0,0.0,1.11,0.0,0.0,1.36,0.0,0.0,0.0,0.0,0.0,0.5030948900001827,0.9601882800001221,0.787,0.0
6.29999999999994,0.0,0.0,0.0,0.0,0.0,0.0,0.0,0.0,0.0,1.0542736000002983,0.0,0.0,1.8267201499997032,0.0,0.0,0.0,0.0,0.0,0.3640316300000591,0.8180941400000593,0.7864914899999705,0.0
6.399999999999938,0.0,0.0,0.0,0.0,0.0,0.0,0.0,0.0,0.0,1.01,0.0,0.0,1.6465597000006114,0.0,0.0,0.0,0.0,0.0,0.32901581500003046,0.842547070000031,0.804,0.0
6.499999999999936,0.0,0.0,0.0,0.0,0.0,0.0,0.0,0.0,0.0,0.9764273600000319,0.0,0.0,1.6867201499996793,0.0,0.0,0.0,0.0,0.0,0.2960158150000322,0.753547070000032,0.824,0.0
6.5999999999999375,0.0,0.0,0.0,0.0,0.0,0.0,0.0,0.0,0.0,0.979,0.0,0.0,3.5765597000006233,0.0,0.0,0.0,0.0,0.0,0.26601581500003135,0.7045470700000314,0.877,0.0
6.699999999999939,0.0,0.0,0.0,0.0,0.0,0.0,0.0,0.0,0.0,1.0357263999996928,0.0,0.0,3.6067201499996973,0.0,0.0,0.0,0.0,0.0,0.23701581500003044,0.676,0.8784914899999696,0.0
6.799999999999937,0.0,0.0,0.0,0.0,0.0,0.0,0.0,0.0,0.0,1.09,0.0,0.0,3.8765597000006293,0.0,0.0,0.0,0.0,0.0,0.20501581500003133,0.7389644599993083,0.8694914899999687,0.0
6.899999999999935,0.0,0.0,0.0,0.0,0.0,0.0,0.0,0.0,0.0,1.09,0.0,0.0,3.083440299999353,0.0,0.0,0.0,0.0,0.0,0.176,0.7688117199998687,0.8894914899999673,0.0
6.999999999999936,0.0,0.0,0.0,0.0,0.0,0.0,0.0,0.0,0.0,1.08,0.0,0.0,3.0232798500003204,0.0,0.0,0.0,0.0,0.0,0.15301581500003222,0.0,0.0,0.0
7.0999999999999375,0.0,0.0,0.0,0.0,0.0,0.0,0.0,0.0,0.0,0.0,0.0,0.0,2.6267201499996884,0.0,0.0,0.0,0.0,0.0,0.0,0.0,0.0,0.0
7.199999999999935,0.0,0.0,0.0,0.0,0.0,0.0,0.0,0.0,0.0,0.0,0.0,0.0,2.95,0.0,0.0,0.0,0.0,0.0,0.0,0.0,0.0,0.0
7.299999999999933,0.0,0.0,0.0,0.0,0.0,0.0,0.0,0.0,0.0,0.0,0.0,0.0,3.08,0.0,0.0,0.0,0.0,0.0,0.0,0.0,0.0,0.0
7.399999999999935,0.0,0.0,0.0,0.0,0.0,0.0,0.0,0.0,0.0,0.0,0.0,0.0,2.59,0.0,0.0,0.0,0.0,0.0,0.0,0.0,0.0,0.0
7.499999999999936,0.0,0.0,0.0,0.0,0.0,0.0,0.0,0.0,0.0,0.0,0.0,0.0,0.0,0.0,0.0,0.0,0.0,0.0,0.0,0.0,0.0,0.0
7.599999999999934,0.0,0.0,0.0,0.0,0.0,0.0,0.0,0.0,0.0,0.0,0.0,0.0,0.0,0.0,0.0,0.0,0.0,0.0,0.0,0.0,0.0,0.0
7.699999999999932,0.0,0.0,0.0,0.0,0.0,0.0,0.0,0.0,0.0,0.0,0.0,0.0,0.0,0.0,0.0,0.0,0.0,0.0,0.0,0.0,0.0,0.0
7.799999999999933,0.0,0.0,0.0,0.0,0.0,0.0,0.0,0.0,0.0,0.0,0.0,0.0,0.0,0.0,0.0,0.0,0.0,0.0,0.0,0.0,0.0,0.0
7.899999999999935,0.0,0.0,0.0,0.0,0.0,0.0,0.0,0.0,0.0,0.0,0.0,0.0,0.0,0.0,0.0,0.0,0.0,0.0,0.0,0.0,0.0,0.0
7.9999999999999325,0.0,0.0,0.0,0.0,0.0,0.0,0.0,0.0,0.0,0.0,0.0,0.0,0.0,0.0,0.0,0.0,0.0,0.0,0.0,0.0,0.0,0.0
